[
  {
    "cardType": "LoanDue",
    "frequency": "monthly",
    "isaNumber": "xxx8698",
    "dueDate": "10/30/2016",
    "dueDateAsDate": "2016-10-30T00:00:00",
    "isAnnuity": false,
    "amountDue": "$237.76",
    "billedAmount": "$237.76",
    "pastDueAmount": "$0.00",
    "serviceCharge": "$0.00",
    "additionalPayment": "$0.00",
    "isaTotal": "$237.76",
    "insuredList": [
      {
        "productList": [
          {
            "subjectNum": "xxx6733",
            "totalPremium": "$0.00",
            "loanRepayment": "$237.76",
            "allocatedDiv": "--",
            "productType": "65 Life",
            "freqPremium": "--",
            "ltc1035Payment": null,
            "payment": "$237.76",
            "productDetailUrl": null,
            "isOwnerAndRestricted": false,
            "isOwnerAndNotRestricted": true,
            "isNotOwner": false,
            "annuityCurrentValue": null,
            "valueAsOfDate": null,
            "isAnnuityTaxQualified": false
          }
        ],
        "baseLegalEntityID": 14977839,
        "name": "Linda V Strange",
        "loanRepaymentSum": "$237.76",
        "allocatedDivSum": null,
        "totalPremiumSum": "$0.00",
        "ltc1035Sum": null,
        "paymentSum": "$237.76"
      }
    ],
    "annuityCurrentValue": null,
    "isAnnuityTaxQualified": false,
    "valueAsOfDate": null,
    "pendingPayment": {
      "paymentDate": null,
      "paymentAmount": null,
      "confirmationNumber": null,
      "nmcPendingPayment": false,
      "maskedBankAccountNumber": null,
      "bankAccountType": null,
      "bankName": null,
      "isLoanPayment": false
    },
    "isRecurringISA": false,
    "paymentStatus": 2,
    "isLoanOnly": true,
    "loanPayOffAmount": "2786.26",
    "totalLoan": 237.76,
    "totalLtc1035": 0.0,
    "totalDiv": 0.0,
    "totalPremium": 0.0,
    "shortageAmountDue": "$0.00",
    "calculatedPremium": "$237.76",
    "isaUrl": "/billing?isa=xxx8698",
    "showMonthlyPastDue": false,
    "isPendingPayment": false,
    "isPendingSetupEft": false,
    "isPendingFrequencyChange": false,
    "isPendingRecurringToDirect": false,
    "isPendingChangeBank": false,
    "pendingFrequencyModel": null,
    "onlinePaymentIneligible": false,
    "isHoCaseLock": false,
    "showLoanPayment": true
  }
]
