[
  {
    "cardType": "LoanOutOfWindow",
    "frequency": "monthly",
    "isaNumber": "xxx8431",
    "dueDate": "06/15/2016",
    "dueDateAsDate": "2016-06-15T00:00:00",
    "isAnnuity": false,
    "amountDue": "$1,200.00",
    "serviceCharge": "$0.00",
    "additionalPayment": "$0.00",
    "insuredList": [
      {
        "productList": [
          {
            "subjectNum": "xxxx2330",
            "totalPremium": "$0.00",
            "loanRepayment": "$1,200.00",
            "allocatedDiv": "--",
            "productType": "Estate CompLife",
            "freqPremium": "--",
            "ltc1035Payment": "N/A",
            "payment": "$1,200.00",
            "productDetailUrl": "/InsuranceDetail?subjectNum=xxxx2330",
            "isOwnerAndRestricted": false,
            "isOwnerAndNotRestricted": true,
            "isNotOwner": false,
            "annuityCurrentValue": null,
            "valueAsOfDate": "09/30/2015",
            "isAnnuityTaxQualified": false
          }
        ],
        "baseLegalEntityID": 14590409,
        "name": "Gary G Kleinrichert",
        "loanRepaymentSum": "$1,200.00",
        "allocatedDivSum": "$0.00",
        "totalPremiumSum": "$0.00",
        "ltc1035Sum": "$0.00",
        "paymentSum": "$1,200.00"
      }
    ],
    "annuityCurrentValue": null,
    "isAnnuityTaxQualified": false,
    "valueAsOfDate": null,
    "pendingPayment": {
      "paymentDate": null,
      "paymentAmount": null,
      "confirmationNumber": null,
      "nmcPendingPayment": false,
      "maskedBankAccountNumber": null,
      "bankAccountType": null
    },
    "isRecurringISA": false,
    "paymentStatus": 6,
    "isLoanOnly": true,
    "totalLoan": 1200.0,
    "shortageAmountDue": 0.00,
    "calculatedPremium": "$1,200.00",
    "nextBillAmount": "$1,200.00",
    "totalLtc1035": 0.0,
    "totalDiv": 0.0,
    "totalPremium": 0.0,
    "isaUrl": "/billing/xxx8431"
  }
]
