[
  {
    "cardType": "LoanDue",
    "frequency": "annual",
    "isaNumber": "xxx1662",
    "dueDate": "08/01/2016",
    "dueDateAsDate": "2016-08-01T00:00:00",
    "isAnnuity": false,
    "amountDue": "$1,500.00",
    "serviceCharge": "$0.00",
    "additionalPayment": "$0.00",
    "insuredList": [
      {
        "productList": [
          {
            "subjectNum": "xxx8733",
            "totalPremium": "$0.00",
            "loanRepayment": "$750.00",
            "allocatedDiv": "--",
            "productType": "Paid Up Life",
            "freqPremium": "--",
            "ltc1035Payment": "N/A",
            "payment": "$750.00",
            "productDetailUrl": "/InsuranceDetail?subjectNum=xxx8733",
            "isOwnerAndRestricted": false,
            "isOwnerAndNotRestricted": true,
            "isNotOwner": false,
            "annuityCurrentValue": null,
            "valueAsOfDate": "09/30/2015",
            "isAnnuityTaxQualified": false
          },
          {
            "subjectNum": "xxx8701",
            "totalPremium": "$0.00",
            "loanRepayment": "$750.00",
            "allocatedDiv": "--",
            "productType": "Paid Up Life",
            "freqPremium": "--",
            "ltc1035Payment": "N/A",
            "payment": "$750.00",
            "productDetailUrl": "/InsuranceDetail?subjectNum=xxx8701",
            "isOwnerAndRestricted": false,
            "isOwnerAndNotRestricted": true,
            "isNotOwner": false,
            "annuityCurrentValue": null,
            "valueAsOfDate": "09/30/2015",
            "isAnnuityTaxQualified": false
          }
        ],
        "baseLegalEntityID": 14590502,
        "name": "Charles T Peltzer",
        "loanRepaymentSum": "$1,500.00",
        "allocatedDivSum": "$0.00",
        "totalPremiumSum": "$0.00",
        "ltc1035Sum": "$0.00",
        "paymentSum": "$1,500.00"
      }
    ],
    "annuityCurrentValue": null,
    "isAnnuityTaxQualified": false,
    "valueAsOfDate": null,
    "pendingPayment": {
      "paymentDate": null,
      "paymentAmount": null,
      "confirmationNumber": null,
      "nmcPendingPayment": false,
      "maskedBankAccountNumber": null,
      "bankAccountType": null
    },
    "isRecurringISA": false,
    "paymentStatus": 2,
    "isLoanOnly": true,
    "totalLoan": 1500.0,
    "shortageAmountDue": 0.00,
    "calculatedPremium": "$1,500.00",
    "nextBillAmount": "$1,500.00",
    "totalLtc1035": 0.0,
    "totalDiv": 0.0,
    "totalPremium": 0.0,
    "isaUrl": "/billing/xxx1662"
  }
]
