[
  {
    "cardType": "LoanRecurring",
    "frequency": "monthly",
    "isaNumber": "xxx4781",
    "dueDate": "11/25/2016",
    "dueDateAsDate": "2016-11-25T00:00:00",
    "isAnnuity": false,
    "amountDue": "$120.00",
    "billedAmount": "$120.00",
    "pastDueAmount": "$0.00",
    "serviceCharge": "$0.00",
    "additionalPayment": "$0.00",
    "isaTotal": "$120.00",
    "insuredList": [
      {
        "productList": [
          {
            "subjectNum": "xxx5420",
            "totalPremium": "$0.00",
            "loanRepayment": "$30.00",
            "allocatedDiv": "--",
            "productType": "Paid Up Life",
            "freqPremium": "--",
            "ltc1035Payment": null,
            "payment": "$30.00",
            "productDetailUrl": null,
            "isOwnerAndRestricted": false,
            "isOwnerAndNotRestricted": false,
            "isNotOwner": true,
            "annuityCurrentValue": null,
            "valueAsOfDate": null,
            "isAnnuityTaxQualified": false
          }
        ],
        "baseLegalEntityID": 14976768,
        "name": "Luigi A Stella",
        "loanRepaymentSum": "$30.00",
        "allocatedDivSum": null,
        "totalPremiumSum": "$0.00",
        "ltc1035Sum": null,
        "paymentSum": "$30.00"
      },
      {
        "productList": [
          {
            "subjectNum": "xxx8997",
            "totalPremium": "$0.00",
            "loanRepayment": "--",
            "allocatedDiv": "--",
            "productType": "Paid Up Life",
            "freqPremium": "--",
            "ltc1035Payment": null,
            "payment": "$0.00",
            "productDetailUrl": null,
            "isOwnerAndRestricted": false,
            "isOwnerAndNotRestricted": true,
            "isNotOwner": false,
            "annuityCurrentValue": null,
            "valueAsOfDate": null,
            "isAnnuityTaxQualified": false
          },
          {
            "subjectNum": "xxx8887",
            "totalPremium": "$0.00",
            "loanRepayment": "$30.00",
            "allocatedDiv": "--",
            "productType": "Paid Up Life",
            "freqPremium": "--",
            "ltc1035Payment": null,
            "payment": "$30.00",
            "productDetailUrl": null,
            "isOwnerAndRestricted": false,
            "isOwnerAndNotRestricted": true,
            "isNotOwner": false,
            "annuityCurrentValue": null,
            "valueAsOfDate": null,
            "isAnnuityTaxQualified": false
          }
        ],
        "baseLegalEntityID": 7222254,
        "name": "Luigi A Stella",
        "loanRepaymentSum": "$30.00",
        "allocatedDivSum": null,
        "totalPremiumSum": "$0.00",
        "ltc1035Sum": null,
        "paymentSum": "$30.00"
      },
      {
        "productList": [
          {
            "subjectNum": "xxx2901",
            "totalPremium": "$0.00",
            "loanRepayment": "$60.00",
            "allocatedDiv": "--",
            "productType": "Paid Up Life",
            "freqPremium": "--",
            "ltc1035Payment": null,
            "payment": "$60.00",
            "productDetailUrl": null,
            "isOwnerAndRestricted": false,
            "isOwnerAndNotRestricted": false,
            "isNotOwner": true,
            "annuityCurrentValue": null,
            "valueAsOfDate": null,
            "isAnnuityTaxQualified": false
          }
        ],
        "baseLegalEntityID": 14976770,
        "name": "Mary K Stella",
        "loanRepaymentSum": "$60.00",
        "allocatedDivSum": null,
        "totalPremiumSum": "$0.00",
        "ltc1035Sum": null,
        "paymentSum": "$60.00"
      }
    ],
    "annuityCurrentValue": null,
    "isAnnuityTaxQualified": false,
    "valueAsOfDate": null,
    "pendingPayment": {
      "paymentDate": null,
      "paymentAmount": null,
      "confirmationNumber": null,
      "nmcPendingPayment": false,
      "maskedBankAccountNumber": null,
      "bankAccountType": null,
      "bankName": null,
      "isLoanPayment": false
    },
    "isRecurringISA": true,
    "paymentStatus": 6,
    "isLoanOnly": true,
    "loanPayOffAmount": "26941.67",
    "totalLoan": 120.0,
    "totalLtc1035": 0.0,
    "totalDiv": 0.0,
    "totalPremium": 0.0,
    "shortageAmountDue": "$0.00",
    "calculatedPremium": "$120.00",
    "isaUrl": "/billing?isa=xxx4781",
    "showMonthlyPastDue": false,
    "isPendingPayment": false,
    "isPendingSetupEft": false,
    "isPendingFrequencyChange": false,
    "isPendingRecurringToDirect": false,
    "isPendingChangeBank": false,
    "pendingFrequencyModel": null,
    "onlinePaymentIneligible": false,
    "isHoCaseLock": false,
    "showLoanPayment": true
  }
]
