[
  {
    "cardType": "PremiumDirectDueHasLoan",
    "frequency": "monthly",
    "isaNumber": "xxx1213",
    "dueDate": "10/28/2016",
    "dueDateAsDate": "2016-10-28T00:00:00",
    "isAnnuity": false,
    "amountDue": "$100.00",
    "billedAmount": "$100.00",
    "pastDueAmount": "$0.00",
    "serviceCharge": "$1.00",
    "additionalPayment": "$0.00",
    "isaTotal": "$100.00",
    "insuredList": [
      {
        "productList": [
          {
            "subjectNum": "xxx1145",
            "totalPremium": "$15.42",
            "loanRepayment": "$83.58",
            "allocatedDiv": "--",
            "productType": "Custom CompLife",
            "freqPremium": "$15.42",
            "ltc1035Payment": null,
            "payment": "$99.00",
            "productDetailUrl": null,
            "isOwnerAndRestricted": false,
            "isOwnerAndNotRestricted": true,
            "isNotOwner": false,
            "annuityCurrentValue": null,
            "valueAsOfDate": null,
            "isAnnuityTaxQualified": false
          }
        ],
        "baseLegalEntityID": 14977859,
        "name": "Karen A Robb",
        "loanRepaymentSum": "$83.58",
        "allocatedDivSum": null,
        "totalPremiumSum": "$15.42",
        "ltc1035Sum": null,
        "paymentSum": "$99.00"
      }
    ],
    "annuityCurrentValue": null,
    "isAnnuityTaxQualified": false,
    "valueAsOfDate": null,
    "pendingPayment": {
      "paymentDate": null,
      "paymentAmount": null,
      "confirmationNumber": null,
      "nmcPendingPayment": false,
      "maskedBankAccountNumber": null,
      "bankAccountType": null,
      "bankName": null,
      "isLoanPayment": false
    },
    "isRecurringISA": false,
    "paymentStatus": 2,
    "isLoanOnly": false,
    "loanPayOffAmount": "0.00",
    "totalLoan": 83.58,
    "totalLtc1035": 0.0,
    "totalDiv": 0.0,
    "totalPremium": 15.42,
    "shortageAmountDue": "$0.00",
    "calculatedPremium": "$100.00",
    "isaUrl": "/billing?isa=xxx1213",
    "showMonthlyPastDue": false,
    "isPendingPayment": false,
    "isPendingSetupEft": false,
    "isPendingFrequencyChange": false,
    "isPendingRecurringToDirect": false,
    "isPendingChangeBank": false,
    "pendingFrequencyModel": null,
    "onlinePaymentIneligible": false,
    "isHoCaseLock": false,
    "showLoanPayment": true
  },
  {
    "cardType": "PremiumDirectDueHasLoan",
    "frequency": "monthly",
    "isaNumber": "xxx1211",
    "dueDate": "10/28/2016",
    "dueDateAsDate": "2016-10-28T00:00:00",
    "isAnnuity": false,
    "amountDue": "$100.00",
    "billedAmount": "$100.00",
    "pastDueAmount": "$0.00",
    "serviceCharge": "$1.00",
    "additionalPayment": "$0.00",
    "isaTotal": "$100.00",
    "insuredList": [
      {
        "productList": [
          {
            "subjectNum": "xxx1139",
            "totalPremium": "$14.09",
            "loanRepayment": "$84.91",
            "allocatedDiv": "--",
            "productType": "65 Life",
            "freqPremium": "$14.09",
            "ltc1035Payment": null,
            "payment": "$99.00",
            "productDetailUrl": null,
            "isOwnerAndRestricted": false,
            "isOwnerAndNotRestricted": true,
            "isNotOwner": false,
            "annuityCurrentValue": null,
            "valueAsOfDate": null,
            "isAnnuityTaxQualified": false
          }
        ],
        "baseLegalEntityID": 14977860,
        "name": "Katlyn R Robb",
        "loanRepaymentSum": "$84.91",
        "allocatedDivSum": null,
        "totalPremiumSum": "$14.09",
        "ltc1035Sum": null,
        "paymentSum": "$99.00"
      }
    ],
    "annuityCurrentValue": null,
    "isAnnuityTaxQualified": false,
    "valueAsOfDate": null,
    "pendingPayment": {
      "paymentDate": null,
      "paymentAmount": null,
      "confirmationNumber": null,
      "nmcPendingPayment": false,
      "maskedBankAccountNumber": null,
      "bankAccountType": null,
      "bankName": null,
      "isLoanPayment": false
    },
    "isRecurringISA": false,
    "paymentStatus": 2,
    "isLoanOnly": false,
    "loanPayOffAmount": "0.00",
    "totalLoan": 84.91,
    "totalLtc1035": 0.0,
    "totalDiv": 0.0,
    "totalPremium": 14.09,
    "shortageAmountDue": "$0.00",
    "calculatedPremium": "$100.00",
    "isaUrl": "/billing?isa=xxx1211",
    "showMonthlyPastDue": false,
    "isPendingPayment": false,
    "isPendingSetupEft": false,
    "isPendingFrequencyChange": false,
    "isPendingRecurringToDirect": false,
    "isPendingChangeBank": false,
    "pendingFrequencyModel": null,
    "onlinePaymentIneligible": false,
    "isHoCaseLock": false,
    "showLoanPayment": true
  }
]
