[
    {
        "tab": "Investments",
        "imageUrl": "/summary/whatsnew/Investments_01_Desktop.png",
        "imageMobileUrl": "/summary/whatsnew/Investments_01_Mobile.png",
        "title": "A better view of your Northwestern Mutual Investments.",
        "body": "Our new dedicated Investments page offers a dynamic view of your total market value and holdings by asset class. Plus, get insights about economic conditions and trends with our new market commentary feature."
    },
    {
        "tab": "Insurance",
        "imageUrl": "/summary/whatsnew/Insurance_02_Desktop.png",
        "imageMobileUrl": "/summary/whatsnew/Insurance_02_Mobile.png",
        "title": "Get a clearer view of your policies and coverage.",
        "body": "On our newly designated Insurance page, take a comprehensive look at your coverage and review details of individual accounts, including premiums and benefit information for all your policies."
    },
    {
        "tab": "Mobile App",
        "imageUrl": "/summary/whatsnew/Desktop_05_Mobile_App.png",
        "imageMobileUrl": "/summary/whatsnew/Mobile_05_Mobile_App.png",
        "title": "The new mobile app for iOS has arrived!",
        "body": "Put your financial life in the palm of your hand with our first-ever mobile experience. See your net worth, connect new accounts, review recent transactions and contact your Financial Representative with a few taps of your finger."
    },
    {
        "tab": "Billing & Payments",
        "imageUrl": "/summary/whatsnew/Desktop_07_billing.png",
        "imageMobileUrl": "/summary/whatsnew/Mobile_07_billing.png",
        "title": "With eDelivery and recurring payments, you can do it all online.",
        "body": "Sign up to receive paperless statements and more, which you can view online when you make a payment. Recurring payments make it even easier. We'll automatically deduct your payment from your account on the due date."
    }
]
