[
    {
        "tab": "Mobile App",
        "imageUrl": "/summary/whatsnew/Desktop_05_Mobile_App.png",
        "imageMobileUrl": "/summary/whatsnew/Mobile_05_Mobile_App.png",
        "title": "The new mobile app for iOS has arrived!",
        "body": "Put your financial life in the palm of your hand with our first-ever mobile experience. See your net worth, connect new accounts, review recent transactions and contact your Financial Representative with a few taps of your finger."
    },
    {
        "tab": "Billing & Payments",
        "imageUrl": "/summary/whatsnew/Desktop_07_billing.png",
        "imageMobileUrl": "/summary/whatsnew/Mobile_07_billing.png",
        "title": "With eDelivery and recurring payments, you can do it all online.",
        "body": "Sign up to receive paperless statements and more, which you can view online when you make a payment. Recurring payments make it even easier. We'll automatically deduct your payment from your account on the due date."
    },
    {
        "tab": "Personal Information",
        "imageUrl": "/summary/whatsnew/Desktop_08_personal_info.png",
        "imageMobileUrl": "/summary/whatsnew/Mobile_08_personal_info.png",
        "title": "You’re a few clicks away from updating your info.",
        "body": "We made sure you can modify your contact information with minimal effort, so we can keep in touch and stay up to speed with the changes in your life."
    }
]
