{
    "swagger": "2.0",
    "info": {
        "version": "{%= version %}",
        "title": "LV Integration Hub - {%= contextRoot %} Service",
        "description": "{%= description %}"
    },
    "host": "api.nmlv.nml.com",
    "basePath": "/api/v1",
    "schemes": [
        "http",
        "https"
    ],
    "consumes": [
        "application/json"
    ],
    "produces": [
        "application/json"
    ],
    "paths": {
        "/{%= contextRoot %}/health": {
            "get": {
                "summary": "Returns health of the service",
                "parameters": [
                    {
                        "name": "apikey",
                        "in": "header",
                        "type": "string",
                        "description": "apikey that allows access to the service"
                    }
                ],
                "responses": {
                    "200": {
                        "description": "Returns health of the service",
                        "schema": {
                            "$ref": "#/definitions/healthResponse"
                        }
                    },
                    "500": {
                        "description": "internal service error",
                        "schema": {
                            "properties": {
                                "msg": {
                                    "description": "error description text",
                                    "type": "string"
                                }
                            }
                        }
                    }
                }
            }
        },
        "/{%= contextRoot %}/doc": {
            "get": {
                "summary": "Returns swagger doc of the service",
                "parameters": [],
                "responses": {
                    "200": {
                        "description": "Returns swagger doc of the service",
                        "schema": {
                            "properties": {
                                "msg": {
                                    "description": "error description text",
                                    "type": "string"
                                }
                            }
                        }
                    },
                    "500": {
                        "description": "internal service error",
                        "schema": {
                            "properties": {
                                "msg": {
                                    "description": "error description text",
                                    "type": "string"
                                }
                            }
                        }
                    }
                }
            }
        },
        "/{%= contextRoot %}": {
            "get": {
                "summary": "Get {%= contextRoot%} information",
                "parameters": [],
                "responses": {
                    "200": {
                        "description": "Returns {%= contextRoot %} information",
                        "schema": {
                            "$ref": "#/definitions/{%= contextRoot %}"
                        }
                    },
                    "500": {
                        "description": "internal service error",
                        "schema": {
                            "properties": {
                                "msg": {
                                    "description": "error description text",
                                    "type": "string"
                                }
                            }
                        }
                    }
                }
            }
        }
    },
    "definitions": {
        "healthResponse": {
            "properties": {
                "Node Host": {
                    "description": "node hostname for the service that made the response",
                    "type": "string"
                },
                "Mysql Host": {
                    "description": "node hostname for the mysql service that made the response",
                    "type": "string"
                },
                "Git SHA": {
                    "description": "GitLab Commit SHA for this microservice image",
                    "type": "string"
                }
            }
        },
        "{%= contextRoot %}": {
            "properties": {
                "id": {
                    "description": "{%= contextRoot %} identifier",
                    "type": "integer",
                    "format": "int32"
                }
            }
        }
    }
}
