{
    "swagger": "2.0",
    "info": {
        "version": "1.0.0",
        "title": "LV Integration Hub - Auth Rep Service",
        "description": "Microservice to determine the personal and business login eligibility of a client"
    },
    "host": "api.nmlv.nml.com",
    "basePath": "/v1",
    "schemes": [
        "http",
        "https"
    ],
    "consumes": [
        "application/json"
    ],
    "produces": [
        "application/json"
    ],
    "paths": {
        "/authrep/health": {
            "get": {
                "summary": "Returns health of the service",
                "parameters": [{
                    "name": "apikey",
                    "in": "header",
                    "type": "string",
                    "description": "apikey that allows access to the service"
                }],
                "responses": {
                    "200": {
                        "description": "Returns health of the service",
                        "schema": {
                            "$ref": "#/definitions/healthResponse"
                        }
                    },
                    "500": {
                        "description": "internal service error",
                        "schema": {
                            "properties": {
                                "msg": {
                                    "description": "error description text",
                                    "type": "string"
                                }
                            }
                        }
                    }
                }
            }
        },
        "/authrep/doc": {
            "get": {
                "summary": "Returns swagger doc of the service",
                "parameters": [],
                "responses": {
                    "200": {
                        "description": "Returns doc of the service"
                    }
                }
            }
        },
        "/authrep/{nmUniqueId}": {
            "get": {
                "summary": "Get authrep information",
                "parameters": [{
                    "name": "apikey",
                    "in": "header",
                    "type": "string",
                    "description": "apikey that allows access to the service",
                    "required": true
                }, {
                    "name": "x-nm-login-id",
                    "in": "header",
                    "type": "string",
                    "description": "loginId of the client",
                    "required": true
                }, {
                    "name": "nmUniqueId",
                    "in": "path",
                    "type": "string",
                    "description": "nmUniqueId of the user",
                    "required": true
                }],
                "responses": {
                    "200": {
                        "description": "Returns eligibility data for personal or business login",
                        "schema": {
                            "$ref": "#/definitions/authrepResponse"
                        }
                    },
                    "500": {
                        "description": "internal service error",
                        "schema": {
                            "properties": {
                                "msg": {
                                    "description": "error description text",
                                    "type": "string"
                                }
                            }
                        }
                    }
                }
            }
        }
    },
    "definitions": {
        "authrepResponse": {
            "properties": {
                "cxidAction": {
                    "description": "value indicating personal and/or business login eligibility. Possible values are -1,1,2,3,4",
                    "type": "integer",
                    "format": "int32"
                },
                "cxidUrl": {
                    "description": "full path of Manage Logins page of CXID application",
                    "type": "string"
                }
            }
        },
        "healthResponse": {
            "properties": {
                "NodeHost": {
                    "description": "node hostname for the service that made the response",
                    "type": "string"
                }
            }
        }
    }
}
