[
{
"actionText": "<strong>Your $2,737.66 payment is due 1/9/2011</strong><br/> Insurance Service Account xxx0162.",
"buttonText": "Pay Now",
"href": "http://nmcqa.northwesternmutual.com/billing?isa=xxx0162",
"actionId": "ISA-0",
"priority": 0
},
{
"actionText": "Make a one-time payment to lower your outstanding loan balance.<br/> Insurance Service Account xxx0162.",
"buttonText": "Pay Loan",
"href": "http://nmcqa.northwesternmutual.com/billing?isa=xxx0162&loan",
"actionId": "LOAN-0",
"priority": 1
},
{
"actionText": "Connect all of your financial accounts to see your complete financial picture.",
"buttonText": "Add Accounts",
"href": "https://qa.plan.northwesternmutual.com/accounts/linking",
"actionId": "ACCT-1",
"priority": 3
},
{
"actionText": "Choose erDelivery for your documents and stop having paper copies smailed to you.",
"buttonText": "Go Paperless",
"href": "https://nmcqa.northwesternmutual.com/documentdelivery",
"actionId": "PL-1",
"priority": 2
}
]
