[
  {
    "id": "Committed",
    "categories": [
      "Automotive Expenses",
      "Charitable Giving",
      "Child/Dependent Expenses",
      "Healthcare/Medical",
      "Insurance",
      "Cable/Satellite Services",
      "Online Services",
      "Rent",
      "Other Bills",
      "Telephone Services",
      "Utilities",
      "Pets/Pet Care",
      "Dues and Subscriptions",
      "Wages Paid",
      "Other Committed"
    ]
  },
  {
    "id": "Flex",
    "categories": [
      "Clothing/Shoes",
      "Entertainment",
      "Gasoline/Fuel",
      "Groceries",
      "Other Expenses",
      "Personal Care",
      "Restaurants/Dining",
      "Service Charges/Fees",
      "ATM/Cash Withdrawals",
      "Hobbies",
      "General Merchandise",
      "Office Supplies",
      "Postage and Shipping",
      "Printing",
      "Other Flex"
    ]
  },
  {
    "id": "Goals",
    "categories": [
      "Loans",
      "Mortgages",
      "Credit Card Payments",
      "Savings",
      "Retirement Contributions",
      "Other Goals"
    ]
  },
  {
    "id": "Income",
    "categories": [
      "Deposits",
      "Paychecks/Salary",
      "Investment Income",
      "Retirement Income",
      "Other Income",
      "Consulting",
      "Sales",
      "Interest",
      "Services",
      "Expense Reimbursement",
      "Other Income"
    ]
  },
  {
    "id": "Non-Monthly",
    "categories": [
      "Education",
      "Gifts",
      "Home Maintenance",
      "Home Improvement",
      "Travel",
      "Taxes",
      "Electronics",
      "Advertising",
      "Business Miscellaneous",
      "Office Maintenance",
      "Other Non-Monthly"
    ]
  },
  {
    "id": "Transfer",
    "categories": [
      "Transfers",
      "Securities Trades"
    ]
  },
  {
    "id": "Uncategorized",
    "categories": [
      "Uncategorized"
    ]
  }
]
