{
    "insuranceFootnotes": [{
        "messageCode": "SplitDollarRestriction",
        "messageTxt": "Split dollar arrangement exists; for additional information, refer to your agreement or consult with the persons involved with the legal arrangement",
        "index": 2
    },
    {
        "messageCode": "NonSplitDollarAssignment",
        "messageTxt": "Collateral assignment(s) exists",
        "index": 3
    }],
    "accessFundFootnotes": [{
        "messageCode": "SplitDollarRestriction",
        "messageTxt": "Split dollar arrangement exists; for additional information, refer to your agreement or consult with the persons involved with the legal arrangement",
        "index": 2
    }]
}
