[{
    "legalEntityID": 20280635,
    "personFirstName": "Mitch",
    "personMiddleName": "",
    "personLastName": "Barnes",
    "lineage": "",
    "professionalDesignations": "CAP®,ChFC®,CLU®",
    "personalName": "Mitch Barnes",
    "addressBlock1": "10200 Forest Green Blvd",
    "addressBlock2": "Ste 100",
    "addressBlock3": "Louisville,KY 40223-5165",
    "buildingName": "Ste 100",
    "streetAddress": "10200 Forest Green Blvd",
    "state": "KY",
    "city": "Louisville",
    "zip": "40223",
    "zipPlus4": "5165",
    "alternativeFormatTelephone": "(502)329-2112",
    "telephoneAreaCode": "502",
    "telephoneNumber": "329",
    "telephoneExtension": "",
    "telephoneUniqueNumber": "2112",
    "email": "mitchell.barnes@nm.com",
    "personalImageUrl": "https://media.nmfn.com/avmedia/web/index/25510576437.JPG",
    "jobFunctions": "Wealth Management Advisor",
    "websiteUrl": "www.mitchellbarnes.com",
    "crcIndicator": "N",
    "twitterUrl": "",
    "facebookUrl": "",
    "linkedinUrl": "https://www.linkedin.com/in/mitchbarnes"
}, {
    "legalEntityID": 20293841,
    "personFirstName": "Scott",
    "personMiddleName": "W",
    "personLastName": "McDonald",
    "lineage": "",
    "professionalDesignations": "",
    "personalName": "Scott W McDonald",
    "addressBlock1": "500 E 96th St Ste 125",
    "addressBlock2": "Indianapolis,IN 46240-3772",
    "addressBlock3": "",
    "buildingName": "",
    "streetAddress": "500 E 96th St Ste 125",
    "state": "IN",
    "city": "Indianapolis",
    "zip": "46240",
    "zipPlus4": "3772",
    "alternativeFormatTelephone": "(317)819-2035",
    "telephoneAreaCode": "317",
    "telephoneNumber": "819",
    "telephoneExtension": "",
    "telephoneUniqueNumber": "2035",
    "email": "scott.mcdonald@nm.com",
    "personalImageUrl": "https://media.nmfn.com/avmedia/web/index/28036871372.JPG",
    "jobFunctions": "Financial Representative",
    "websiteUrl": "www.scottmcdonald-nm.com",
    "crcIndicator": "N",
    "twitterUrl": "http://twitter.com/scottkaren8005",
    "facebookUrl": "",
    "linkedinUrl": "https://www.linkedin.com/in/scott-mcdonald-14a957b"
}]
