[
    {
        "legalEntityID": 20271528,
        "personFirstName": "Patrick",
        "personMiddleName": "C",
        "personLastName": "Robison",
        "lineage": "",
        "professionalDesignations": "CLTC,ChFC®,CLU®",
        "personalName": "Patrick C Robison",
        "addressBlock1": "10200 Forest Green Blvd",
        "addressBlock2": "Ste 100",
        "addressBlock3": "Louisville,KY 40223-5165",
        "buildingName": "Ste 100",
        "streetAddress": "10200 Forest Green Blvd",
        "state": "KY",
        "city": "Louisville",
        "zip": "40223",
        "zipPlus4": "5165",
        "alternativeFormatTelephone": "(502)329-2122",
        "telephoneAreaCode": "502",
        "telephoneNumber": "329",
        "telephoneExtension": "",
        "telephoneUniqueNumber": "2122",
        "email": "patrick.robison@nm.com",
        "personalImageUrl": "https://media.nmfn.com/avmedia/web/index/28028131892.JPG",
        "jobFunctions": "Financial Advisor",
        "websiteUrl": "patrickrobison.nm.com",
        "crcIndicator": "N"
    }
]
