[
  {
    "accountNumber": "12955186",
    "accountNumberMasked": "xxxx5186",
    "clientName": "Abbott, George T",
    "policyDate": "6/7/2000",
    "netDeathBenefit": 30000,
    "contractFundValue": 50000,
    "netCashSurrenderValue": 50000,
    "netCostBasisValue": 50000
  },
  {
    "accountNumber": "12955187",
    "accountNumberMasked": "xxxx5187",
    "clientName": "Albertson, Terry C",
    "policyDate": "2/15/1999",
    "netDeathBenefit": 50000,
    "contractFundValue": 50000,
    "netCashSurrenderValue": 50000,
    "netCostBasisValue": 5000
  }
]
