[{
    "companyName": "ABC Company",
    "entitlements": [{
        "groupType": "ulife",
        "groups": [{
            "groupNumber": "455917",
            "groupNumberMasked": "xxx917",
            "groupName": "Key Person",
            "netDeathBenefit": 700000.00,
            "contractFundInvestedAssetsValue": 700000.00,
            "cashSurrenderValue": 700000.00,
            "costBasisValue": 700000.00,
            "policyCount":8
        }, {
            "groupNumber": "455937",
            "groupNumberMasked": "xxx937",
            "groupName": "Death Benefit Only",
            "netDeathBenefit": 500000.00,
            "contractFundInvestedAssetsValue": 500000.00,
            "cashSurrenderValue": 500000.00,
            "costBasisValue": 500000.00,
            "policyCount":5
        },
        {
            "groupNumber": "455934",
            "groupNumberMasked": "xxx934",
            "groupName": "Deferred Compensation",
            "netDeathBenefit": 500000.00,
            "contractFundInvestedAssetsValue": 500000.00,
            "cashSurrenderValue": 500000.00,
            "costBasisValue": 500000.00,
            "policyCount":4
        },
        {
            "groupNumber": "455932",
            "groupNumberMasked": "xxx932",
            "groupName": "Key Person",
            "netDeathBenefit": 500000.00,
            "contractFundInvestedAssetsValue": 500000.00,
            "cashSurrenderValue": 500000.00,
            "costBasisValue": 500000.00,
            "policyCount":1
        },
        {
            "groupNumber": "455992",
            "groupNumberMasked": "xxx992",
            "groupName": "Death Benefit Only",
            "netDeathBenefit": 1000000.00,
            "contractFundInvestedAssetsValue": 1000000.00,
            "cashSurrenderValue": 1000000.00,
            "costBasisValue": 1000000.00,
            "policyCount":1
        }]
    }, {
        "groupType": "boli",
        "groups": [{
            "groupNumber": "455917",
            "groupNumberMasked": "xxx917",
            "groupName": "boli-1",
            "netDeathBenefit": 700000.00,
            "contractFundInvestedAssetsValue": 700000.00,
            "cashSurrenderValue": 700000.00,
            "costBasisValue": 700000.00
        }, {
            "groupNumber": "455918",
            "groupNumberMasked": "xxx918",
            "groupName": "boli-2",
            "netDeathBenefit": 700000.00,
            "contractFundInvestedAssetsValue": 700000.00,
            "cashSurrenderValue": 700000.00,
            "costBasisValue": 700000.00
        }]
    }]
}]
