[
  {
    "companyName": "ABC Company",
    "accounts": [
      {
        "groupNumber": "xxx913",
        "groupName": "ulife-1",
        "netDeathBenefitAmt": 700000,
        "contractFundInvestedAssetsValueAmt": 700000,
        "cashSurrenderValueAmt": 700000,
        "costBasisAmt": 700000
      },
      {
        "groupNumber": "xxx914",
        "groupName": "ulife-2",
        "netDeathBenefitAmt": 700000,
        "contractFundInvestedAssetsValueAmt": 700000,
        "cashSurrenderValueAmt": 700000,
        "costBasisAmt": 700000
      },
      {
        "groupNumber": "xxx917",
        "groupName": "boli-1",
        "netDeathBenefitAmt": 700000,
        "contractFundInvestedAssetsValueAmt": 700000,
        "cashSurrenderValueAmt": 700000,
        "costBasisAmt": 700000
      },
      {
        "groupNumber": "xxx918",
        "groupName": "boli-2",
        "netDeathBenefitAmt": 700000,
        "contractFundInvestedAssetsValueAmt": 700000,
        "cashSurrenderValueAmt": 700000,
        "costBasisAmt": 700000
      }
    ]
  }
]
