[
  {
    "typeCode": "2",
    "typeText": "Document Delivery",
    "acceptedAndCurrent": "false",
    "majorVersion": "3",
    "minorVersion": "0",
    "language": "<h3>CONSENT TO ELECTRONIC DELIVERY OF DOCUMENTS</h3> <p>To stop receiving paper documents about your policies, contracts and/or accounts (as applicable) sent by U.S. Mail, you agree to accept and receive electronic notification by email that such documents are available online at www.nmc.northwesternmutual.com (the \"Site\") for your retrieval (the \"Service\"). The terms \"you\" and \"your\" refer to the primary owner of the policy, contract, and/or account. The terms \"we\", \"us\", \"our\", and \"Northwestern Mutual\" refer to The Northwestern Mutual Life Insurance Company (NM) and its subsidiaries. NM's subsidiaries include Northwestern Long Term Care Insurance Company (NLTC), Northwestern Mutual Investment Services, LLC (NMIS), and Northwestern Mutual Wealth Management Company® (NMWMC). The term \"documents\" means notices, billings, statements, prospectuses and other disclosure documents, annual and semi-annual reports, trade confirmations, privacy notices, and other documents regarding your insurance products and/or securities accounts. Certain documents (for example, account statements) may contain personal financial information. You can print a copy of this Consent for your records or view it online at the Site.</p> <h3>Entity Identification</h3> <p>Northwestern Mutual® is a trademark of The Northwestern Mutual Life Insurance Company. Northwestern Mutual is the marketing name for The Northwestern Mutual Life Insurance Company, Milwaukee, WI (NM) (life and disability insurance, annuities and life insurance with long-term care benefits), customer service 1-800-388-8123, and its subsidiaries. Northwestern Long Term Care Insurance Company, Milwaukee, WI (NLTC) (long-term care insurance), customer service 1-800-890-6704, is a subsidiary of NM. Northwestern Mutual Investment Services, LLC, Milwaukee, WI (NMIS) (securities), customer service 1-866-664-7737, is a subsidiary of NM, broker-dealer, registered investment adviser, member FINRA and SIPC.Northwestern Mutual Wealth Management Company®, Milwaukee, WI (NMWMC) (fiduciary and fee-based financial planning services), customer service 1-866-664-7737, is a subsidiary of NM and a federal savings bank. Investment products and trust services are not insured by the FDIC, are not deposits or other obligations of, or guaranteed by, NMWMC or its affiliates and are subject to investment risks, including possible loss of the principal amount invested. LearnVest, Inc. is owned by NM Planning, LLC, a subsidiary of NM. The products and services referenced are offered and sold only by appropriately appointed and licensed entities and representatives of such entities. Each Financial Representative represents one or more, but not necessarily all of the entities shown. Recommendations and/or transactions involving equities and fixed income securities may only be offered and/or sold by appropriately registered and appointed representatives of NMIS or NMWMC. If you have any questions, please contact your Financial Representative. For general information, please visit us on the web at www.northwesternmutual.com.</p> <h3>Electronic Delivery of Documents</h3> <p>Your selection for electronic delivery is shown near the top of this screen.</p> <p>If you have chosen e-delivery by agreeing to this Consent, you are giving a global consent, to the extent permitted by law, to the electronic delivery of all documents for your current and future insurance products and/or securities accounts. This consent authorizes us to stop delivering documents to you in paper via U.S. Mail and instead electronically deliver documents to you for all current and future products and accounts you own by posting such documents to the Site for your retrieval. As more documents are made available for electronic delivery, you will be automatically enrolled for those documents. Additionally, as you purchase new policies or open new accounts, those policies, accounts, and their associated documents, will be automatically enrolled for electronic delivery. However, not all documents are available for electronic delivery. Until electronic delivery is available for certain documents, you will continue to receive them in paper by U.S. Mail even though you have given your consent to have such documents electronically delivered through the Service. This consent permits us to replace paper delivery of any and all documents with electronic delivery as such documents become available for the Service. Regardless of your consent to electronic delivery, certain documents will continue to be delivered in paper by U.S. Mail for compliance, business or security reasons, as determined in our sole discretion.</p> <p>Documents will be available to you in your account at the Site. You will be notified by email when documents are available to be viewed. The email notifications will be sent to your email address shown on the Document Delivery Preferences screen. To view your online documents, log on to your account at the Site and then click on \"Documents\" in the navigation bar. Once you are enrolled in the Service, you may request paper copies of documents and/or revoke this consent to electronic delivery at any time. See \"How to Request Paper Copies; How to Revoke Consent\" below.</p> <h3>Updating Your Contact Information; Undeliverable Emails</h3> <p>You may change or verify your preferences or email address in your account at the Site. In the event an email notification is returned to Northwestern Mutual as \"undeliverable\", we will attempt to resend it. If emails that we send to your email address are returned as undeliverable within a 48 hour timeframe, Northwestern Mutual will treat this consent as revoked, revert your preferences back to paper delivery for all documents, and begin sending them via U.S. Mail to the address of record for your policy or account, until such time that you re-enroll for electronic delivery through the Site. Therefore, please update your information immediately on the Site if your email address changes.</p> <h3>Equipment Requirements</h3> <p>In order to use the Service and receive documents electronically through the Site, you must have established an account on the Site with a valid user ID and password. You affirm that you have access to the necessary equipment, described below, and are able to receive, open, and print or save a copy of any document for your records. There is no charge from us for electronic delivery, but online access and usage charges by your Internet Service Provider or access provider may apply, as well as standard printing costs if you choose to print. In order to receive, open, save and print documents, you will need the following computer hardware and software:</p> <ul> <li>a computer with an internet connection; </li> <li>a current web browser that includes 128-bit encryption (e.g., Internet Explorer, Firefox, Chrome, or Safari) with cookies enabled; </li> <li>Current Adobe Acrobat Reader (or alternative software) to open documents in Portable Document Format (PDF); </li> <li>A valid email address (your email address listed under \"Preferences\" on the Site); </li> <li>Sufficient storage space to save Documents or an installed printer to print them. </li> </ul> <p>All documents will be available only in portable document format (PDF). You must have PDF viewing software, such as Adobe Reader, installed on your computer in order to view the documents available through the Service. You can download Adobe Reader from Adobe's website: for more information and a link to Adobe website, select http://www.adobe.com/products/catalog.html. If you do not have Adobe Reader or are otherwise unable to view, print or save documents through the Site, do not accept this consent. You affirm that you have installed Adobe Acrobat Reader or other PDF viewing software to view your documents. We will notify you if there are any material changes to the hardware or software needed to receive, open, print or save documents electronically. You agree that electronic delivery of the documents is deemed accepted, regardless of whether a particular document is accessed or viewed. You may print documents directly from the Site and/or save a copy to your local hard drive as you would any other file from the internet. You may want to consider saving, and/or printing important documents, in case a document is no longer available on the Site or the Site becomes temporarily unavailable to you for any reason.</p> <h3> How to Request Paper Copies; How to Revoke Consent </h3> <p>You continue to have the right to receive all documents in paper. You may request that a paper copy of documents be mailed to you at no cost by contacting Northwestern Mutual at 1-866-950-4644. You do not need to revoke this consent in order to request a paper copy. Your consent to electronic delivery of documents is effective until revoked by Northwestern Mutual or by you. If you choose, you may revoke this consent to electronic delivery at any time by logging on to your account at the Site, clicking \"Preferences\" in the navigation bar, selecting Document Delivery, and then changing your document delivery preferences. If you choose to revoke this consent, then you are revoking consent on a global basis and, as a result, all documents for your current and future insurance products and/or securities accounts will be delivered in paper by U.S. Mail. If you choose to revoke this consent, you may subsequently receive documents electronically only by re-enrolling for the Service through the Site.</p> <h3>No Warranties</h3> <p>YOU EXPRESSLY AGREE AND ACKNOWLEDGE THAT YOUR USE OF THE SERVICE IS AT YOUR SOLE RISK. NONE OF NORTHWESTERN MUTUAL, ITS SUBSIDIARIES, NOR THEIR RESPECTIVE TRUSTEES, DIRECTORS, OFFICERS, AGENTS, CONTRACTORS, AFFILIATES, INFORMATION PROVIDERS OR SERVICES WARRANT THAT THE SITE OR OTHER WEBSITE SERVICE WILL BE UNINTERRUPTED OR ERROR FREE. NORTHWESTERN MUTUAL DOES NOT WARRANT THE TIMELINESS, SEQUENCE, ACCURACY, COMPLETENESS, RELIABILITY OR CONTENT OF ANY INFORMATION WITH RESPECT TO ACCESSING ELECTRONIC INFORMATION. THE SERVICE IS PROVIDED ON AN \"AS IS\", \"AS AVAILABLE\" BASIS AND WITHOUT WARRANTIES INCLUDING, WITHOUT LIMITATION, THOSE OF MERCHANTABILITY, FITNESS FOR A PARTICULAR PURPOSE OR NON-INFRINGEMENT, UNLESS OTHERWISE PROHIBITED BY LAW.</p> <h3>Entire Agreement</h3> <p>Other Agreements you have entered into with Northwestern Mutual such as account and service agreements, and the Northwestern Mutual site Terms of Use are incorporated herein by reference and made part of this Terms of Use.</p> <p>You agree to abide by the terms and conditions of this consent as it may be amended from time to time. Amended terms will be posted on the Site, and you will be provided notice and have the opportunity to revoke your consent or change your delivery preferences. Your continued use of the Site will constitute your acceptance of the then-current consent, as amended, together with all of its terms and conditions. The terms and conditions of this consent as amended from time to time set forth the entire understanding and agreement between us and you and supersedes all other agreements and representations, whether written or oral, with respect to the subject matter hereof.</p> <h3>Technical Assistance</h3> <p>In the event that you cannot log in to the Site or need technical assistance, please contact us at 1-866-950-4644.</p> <h3>Acceptance</h3> <p>By agreeing you consent to receive Client Communications electronically through the Service described below. By agreeing to this consent, you represent and affirm that you are authorized to give this consent, have a valid email address on record with Northwestern Mutual, have access to the internet and are at least 18 years of age. You understand and acknowledge that you are not required to consent to electronic delivery of Documents.</p> <p>63-0258 (1115)</p>"
  }
]
