[{"runId":"622a0a06","id":99323,"accountId":1897,"clientId":9,"sourceAmount":7209.230000,"amount":7209.230000,"amountUSD":7209.230000,"sourceDate":"2015-12-11","date":1473220800000,"sourceDescription":"Paychecks/Salary","description":"Salary","isNew":false,"refreshId":0,"category":"Paychecks/Salary","sourceCategory":"Paychecks/Salary","transactionType":"DEFAULT","typeExtension":{"transactionType":"DEFAULT","transactionId":99323},"createdDate":1473971973290,"updatedDate":1474315520939,"isCredit":true,"isPending":false,"isExcluded":false,"isManual":false,"originalCurrencyCode":null,"originalCurrencyAmount":null},{"runId":"70b88e00","id":91190,"accountId":1854,"clientId":9,"sourceAmount":567.960000,"amount":567.960000,"amountUSD":567.960000,"sourceDate":"2015-12-11","date":1472788800000,"sourceDescription":"Automotive Expenses","description":"Automotive Expenses","isNew":false,"refreshId":0,"category":"Automotive Expenses","sourceCategory":"Automotive Expenses","transactionType":"DEFAULT","typeExtension":{"transactionType":"DEFAULT","transactionId":91190},"createdDate":1473910420730,"updatedDate":1473952783235,"isCredit":false,"isPending":false,"isExcluded":false,"isManual":false,"originalCurrencyCode":null,"originalCurrencyAmount":null}]
