[
  {
    "cardType": "AnnuityFrozen",
    "frequency": "monthly",
    "isaNumber": "xxx6020",
    "dueDate": "08/15/2016",
    "dueDateAsDate": "2016-08-15T00:00:00",
    "isAnnuity": false,
    "amountDue": "$269.51",
    "billedAmount": "$806.06",
    "pastDueAmount": "$536.55",
    "serviceCharge": "$0.00",
    "additionalPayment": "$0.00",
    "insuredList": [
      {
        "productList": [
          {
            "subjectNum": "xxxx1644",
            "totalPremium": "$269.51",
            "loanRepayment": "--",
            "allocatedDiv": "--",
            "productType": "90 LIFE",
            "freqPremium": "$269.51",
            "ltc1035Payment": null,
            "payment": "$269.51",
            "productDetailUrl": null,
            "isOwnerAndRestricted": false,
            "isOwnerAndNotRestricted": true,
            "isNotOwner": false,
            "annuityCurrentValue": null,
            "valueAsOfDate": null,
            "isAnnuityTaxQualified": false
          }
        ],
        "baseLegalEntityID": 3699047,
        "name": "Evan Colton Dunbar",
        "loanRepaymentSum": "$0.00",
        "allocatedDivSum": null,
        "totalPremiumSum": "$269.51",
        "ltc1035Sum": null,
        "paymentSum": "$269.51"
      }
    ],
    "annuityCurrentValue": null,
    "isAnnuityTaxQualified": false,
    "valueAsOfDate": null,
    "pendingPayment": {
      "paymentDate": null,
      "paymentAmount": null,
      "confirmationNumber": null,
      "nmcPendingPayment": false,
      "maskedBankAccountNumber": null,
      "bankAccountType": null,
      "bankName": null
    },
    "isRecurringISA": false,
    "paymentStatus": 0,
    "isLoanOnly": false,
    "loanPayOffAmount": "0.00",
    "totalLoan": 0.0,
    "totalLtc1035": 0.0,
    "totalDiv": 0.0,
    "totalPremium": 269.51,
    "shortageAmountDue": 0.00,
    "calculatedPremium": "$269.51",
    "isaUrl": "/billing/xxx6020",
    "showMonthlyPastDue": false,
    "isPendingPayment": false,
    "isPendingSetupEft": false,
    "isPendingFrequencyChange": false,
    "isPendingRecurringToDirect": false,
    "isPendingChangeBank": false,
    "pendingFrequencyModel": null,
    "onlinePaymentIneligible": false,
    "isHoCaseLock": false
  }
]