[
  {
    "cardType": "AnnuityDirectInOrOutOfWindow",
    "frequency": "monthly",
    "isaNumber": "xxx1238",
    "dueDate": "12/16/2016",
    "dueDateAsDate": "2016-12-16T00:00:00",
    "isAnnuity": true,
    "amountDue": "$200.00",
    "billedAmount": "$200.00",
    "pastDueAmount": "$0.00",
    "serviceCharge": "$0.00",
    "additionalPayment": "$0.00",
    "isaTotal": "$200.00",
    "insuredList": [
      {
        "productList": [
          {
            "subjectNum": "xxxx6174",
            "totalPremium": "$200.00",
            "loanRepayment": "--",
            "allocatedDiv": "--",
            "productType": "Roth IRA",
            "freqPremium": "$200.00",
            "ltc1035Payment": null,
            "payment": "$200.00",
            "productDetailUrl": null,
            "isOwnerAndRestricted": false,
            "isOwnerAndNotRestricted": false,
            "isNotOwner": true,
            "annuityCurrentValue": null,
            "valueAsOfDate": null,
            "isAnnuityTaxQualified": false
          }
        ],
        "baseLegalEntityID": 3502152,
        "name": "Bella Sosa",
        "loanRepaymentSum": "$0.00",
        "allocatedDivSum": null,
        "totalPremiumSum": "$200.00",
        "ltc1035Sum": null,
        "paymentSum": "$200.00"
      }
    ],
    "annuityCurrentValue": null,
    "isAnnuityTaxQualified": false,
    "valueAsOfDate": null,
    "pendingPayment": {
      "paymentDate": null,
      "paymentAmount": null,
      "confirmationNumber": null,
      "nmcPendingPayment": false,
      "maskedBankAccountNumber": null,
      "bankAccountType": null,
      "bankName": null
    },
    "isRecurringISA": true,
    "paymentStatus": 6,
    "isLoanOnly": false,
    "loanPayOffAmount": "0.00",
    "totalLoan": 0.0,
    "totalLtc1035": 0.0,
    "totalDiv": 0.0,
    "totalPremium": 200.0,
    "shortageAmountDue": "$0.00",
    "calculatedPremium": "$200.00",
    "isaUrl": "/billing?isa=xxx1238",
    "showMonthlyPastDue": false,
    "isPendingPayment": false,
    "isPendingSetupEft": false,
    "isPendingFrequencyChange": false,
    "isPendingRecurringToDirect": false,
    "isPendingChangeBank": false,
    "pendingFrequencyModel": null,
    "onlinePaymentIneligible": false,
    "isHoCaseLock": false
  }
]