[
  {
    "cardType": "DirectShortageDue",
    "frequency": "annual",
    "isaNumber": "xxx4963",
    "dueDate": "08/15/2016",
    "dueDateAsDate": "2016-08-15T00:00:00",
    "isAnnuity": false,
    "amountDue": "$1,800.11",
    "billedAmount": "$1,800.11",
    "pastDueAmount": "$0.00",
    "serviceCharge": "$0.00",
    "additionalPayment": "$0.00",
    "isaTotal": "$2,425.02",
    "insuredList": [
      {
        "productList": [
          {
            "subjectNum": "xxxx2401",
            "totalPremium": "$663.85",
            "loanRepayment": "--",
            "allocatedDiv": "--",
            "productType": "NON-CANCELLABLE DI",
            "freqPremium": "$663.85",
            "ltc1035Payment": null,
            "payment": "$663.85",
            "productDetailUrl": null,
            "isOwnerAndRestricted": false,
            "isOwnerAndNotRestricted": true,
            "isNotOwner": false,
            "annuityCurrentValue": null,
            "valueAsOfDate": null,
            "isAnnuityTaxQualified": false
          },
          {
            "subjectNum": "xxxx2739",
            "totalPremium": "$895.30",
            "loanRepayment": "--",
            "allocatedDiv": "$248.01",
            "productType": "GUARANTEED RENEWABLE DI",
            "freqPremium": "$895.30",
            "ltc1035Payment": null,
            "payment": "$647.29",
            "productDetailUrl": null,
            "isOwnerAndRestricted": false,
            "isOwnerAndNotRestricted": true,
            "isNotOwner": false,
            "annuityCurrentValue": null,
            "valueAsOfDate": null,
            "isAnnuityTaxQualified": false
          },
          {
            "subjectNum": "xxxx4390",
            "totalPremium": "$1,693.87",
            "loanRepayment": "--",
            "allocatedDiv": "$579.99",
            "productType": "NON-CANCELLABLE DI",
            "freqPremium": "$1,693.87",
            "ltc1035Payment": null,
            "payment": "$1,113.88",
            "productDetailUrl": null,
            "isOwnerAndRestricted": false,
            "isOwnerAndNotRestricted": true,
            "isNotOwner": false,
            "annuityCurrentValue": null,
            "valueAsOfDate": null,
            "isAnnuityTaxQualified": false
          }
        ],
        "baseLegalEntityID": 36517000,
        "name": "Jayce S Bernstein 2nd",
        "loanRepaymentSum": "$0.00",
        "allocatedDivSum": null,
        "totalPremiumSum": "$3,253.02",
        "ltc1035Sum": null,
        "paymentSum": "$2,425.02"
      }
    ],
    "annuityCurrentValue": null,
    "isAnnuityTaxQualified": false,
    "valueAsOfDate": null,
    "pendingPayment": {
      "paymentDate": null,
      "paymentAmount": null,
      "confirmationNumber": null,
      "nmcPendingPayment": false,
      "maskedBankAccountNumber": null,
      "bankAccountType": null,
      "bankName": null
    },
    "isRecurringISA": false,
    "paymentStatus": 2,
    "isLoanOnly": false,
    "loanPayOffAmount": "0.00",
    "totalLoan": 0.0,
    "totalLtc1035": 0.0,
    "totalDiv": 828.0,
    "totalPremium": 3253.02,
    "shortageAmountDue": "$192.34",
    "calculatedPremium": "$1,607.77",
    "isaUrl": "/billing?isa=xxx4963",
    "showMonthlyPastDue": false,
    "isPendingPayment": false,
    "isPendingSetupEft": false,
    "isPendingFrequencyChange": false,
    "isPendingRecurringToDirect": false,
    "isPendingChangeBank": false,
    "pendingFrequencyModel": null,
    "onlinePaymentIneligible": false,
    "isHoCaseLock": false
  }
]