[
  {
    "cardType": "LoanRecurring",
    "frequency": "monthly",
    "isaNumber": "xxx2280",
    "dueDate": "12/09/2016",
    "dueDateAsDate": "2016-12-09T00:00:00",
    "isAnnuity": false,
    "amountDue": "$25.00",
    "billedAmount": "$25.00",
    "pastDueAmount": "$0.00",
    "serviceCharge": "$0.00",
    "additionalPayment": "$0.00",
    "insuredList": [
      {
        "productList": [
          {
            "subjectNum": "xxx1610",
            "totalPremium": "$0.00",
            "loanRepayment": "$25.00",
            "allocatedDiv": "--",
            "productType": "65 LIFE",
            "freqPremium": "--",
            "ltc1035Payment": null,
            "payment": "$25.00",
            "productDetailUrl": null,
            "isOwnerAndRestricted": false,
            "isOwnerAndNotRestricted": true,
            "isNotOwner": false,
            "annuityCurrentValue": null,
            "valueAsOfDate": null,
            "isAnnuityTaxQualified": false
          }
        ],
        "baseLegalEntityID": 5004026,
        "name": "Alaina Dejesus",
        "loanRepaymentSum": "$25.00",
        "allocatedDivSum": null,
        "totalPremiumSum": "$0.00",
        "ltc1035Sum": null,
        "paymentSum": "$25.00"
      }
    ],
    "annuityCurrentValue": null,
    "isAnnuityTaxQualified": false,
    "valueAsOfDate": null,
    "pendingPayment": {
      "paymentDate": null,
      "paymentAmount": null,
      "confirmationNumber": null,
      "nmcPendingPayment": false,
      "maskedBankAccountNumber": null,
      "bankAccountType": null,
      "bankName": null
    },
    "isRecurringISA": false,
    "paymentStatus": 6,
    "isLoanOnly": true,
    "loanPayOffAmount": "2287.94",
    "totalLoan": 25.0,
    "totalLtc1035": 0.0,
    "totalDiv": 0.0,
    "totalPremium": 0.0,
    "shortageAmountDue": 0.00,
    "calculatedPremium": "$25.00",
    "isaUrl": "/billing/xxx2280",
    "showMonthlyPastDue": false,
    "isPendingPayment": false,
    "isPendingSetupEft": false,
    "isPendingFrequencyChange": false,
    "isPendingRecurringToDirect": false,
    "isPendingChangeBank": false,
    "pendingFrequencyModel": null,
    "onlinePaymentIneligible": false,
    "isHoCaseLock": false
  }
]