[
  {
    "cardType": "PremiumRecurring",
    "frequency": "monthly",
    "isaNumber": "xxx4046",
    "dueDate": "10/04/2016",
    "dueDateAsDate": "2016-10-04T00:00:00",
    "isAnnuity": false,
    "amountDue": "$10.94",
    "billedAmount": "$49.10",
    "pastDueAmount": "$38.16",
    "serviceCharge": "$0.00",
    "additionalPayment": "$0.00",
    "insuredList": [
      {
        "productList": [
          {
            "subjectNum": "xxxx5642",
            "totalPremium": "$10.94",
            "loanRepayment": "--",
            "allocatedDiv": "--",
            "productType": "TERM 80",
            "freqPremium": "$10.94",
            "ltc1035Payment": null,
            "payment": "$10.94",
            "productDetailUrl": null,
            "isOwnerAndRestricted": false,
            "isOwnerAndNotRestricted": true,
            "isNotOwner": false,
            "annuityCurrentValue": null,
            "valueAsOfDate": null,
            "isAnnuityTaxQualified": false
          }
        ],
        "baseLegalEntityID": 68762040,
        "name": "Aaron Gonzales-Penn",
        "loanRepaymentSum": "$0.00",
        "allocatedDivSum": null,
        "totalPremiumSum": "$10.94",
        "ltc1035Sum": null,
        "paymentSum": "$10.94"
      }
    ],
    "annuityCurrentValue": null,
    "isAnnuityTaxQualified": false,
    "valueAsOfDate": null,
    "pendingPayment": {
      "paymentDate": null,
      "paymentAmount": null,
      "confirmationNumber": null,
      "nmcPendingPayment": false,
      "maskedBankAccountNumber": null,
      "bankAccountType": null,
      "bankName": null
    },
    "isRecurringISA": true,
    "paymentStatus": 1,
    "isLoanOnly": false,
    "loanPayOffAmount": "0.00",
    "totalLoan": 0.0,
    "totalLtc1035": 0.0,
    "totalDiv": 0.0,
    "totalPremium": 10.94,
    "shortageAmountDue": 0.00,
    "calculatedPremium": "$10.94",
    "isaUrl": "/billing/xxx4046",
    "showMonthlyPastDue": false,
    "isPendingPayment": false,
    "isPendingSetupEft": false,
    "isPendingFrequencyChange": false,
    "isPendingRecurringToDirect": false,
    "isPendingChangeBank": false,
    "pendingFrequencyModel": null,
    "onlinePaymentIneligible": false,
    "isHoCaseLock": false
  }
]