[{
    "cardType": "PayerButNotOnIsa",
    "frequency": null,
    "isaNumber": null,
    "dueDate": null,
    "dueDateAsDate": "0001-01-01T00:00:00",
    "isAnnuity": false,
    "amountDue": null,
    "billedAmount": null,
    "pastDueAmount": null,
    "serviceCharge": null,
    "additionalPayment": null,
    "isaTotal": null,
    "insuredList": null,
    "annuityCurrentValue": null,
    "isAnnuityTaxQualified": false,
    "valueAsOfDate": null,
    "pendingPayment": null,
    "isRecurringISA": false,
    "paymentStatus": 0,
    "isLoanOnly": false,
    "loanPayOffAmount": null,
    "totalLoan": 0.0,
    "totalLtc1035": 0.0,
    "totalDiv": 0.0,
    "totalPremium": 0.0,
    "shortageAmountDue": null,
    "calculatedPremium": null,
    "isaUrl": null,
    "showMonthlyPastDue": false,
    "isPendingPayment": false,
    "isPendingSetupEft": false,
    "isPendingFrequencyChange": false,
    "isPendingRecurringToDirect": false,
    "isPendingChangeBank": false,
    "pendingFrequencyModel": null,
    "onlinePaymentIneligible": false,
    "isHoCaseLock": false
}]