[
  {
    "cardType": "PremiumDirectMonthlyPastDue",
    "frequency": "monthly",
    "isaNumber": "xxx3066",
    "dueDate": "06/15/2016",
    "dueDateAsDate": "2016-06-15T00:00:00",
    "isAnnuity": false,
    "amountDue": "$2,201.36",
    "billedAmount": "$4,402.72",
    "pastDueAmount": "$2,201.36",
    "serviceCharge": "$0.00",
    "additionalPayment": "$0.00",
    "isaTotal": "$2,201.36",
    "insuredList": [
      {
        "productList": [
          {
            "subjectNum": "xxxx1746",
            "totalPremium": "$1,035.70",
            "loanRepayment": "--",
            "allocatedDiv": "--",
            "productType": "65 LIFE",
            "freqPremium": "$1,035.70",
            "ltc1035Payment": null,
            "payment": "$1,035.70",
            "productDetailUrl": null,
            "isOwnerAndRestricted": false,
            "isOwnerAndNotRestricted": true,
            "isNotOwner": false,
            "annuityCurrentValue": null,
            "valueAsOfDate": null,
            "isAnnuityTaxQualified": false
          },
          {
            "subjectNum": "xxxx5189",
            "totalPremium": "$375.09",
            "loanRepayment": "--",
            "allocatedDiv": "--",
            "productType": "65 LIFE",
            "freqPremium": "$375.09",
            "ltc1035Payment": null,
            "payment": "$375.09",
            "productDetailUrl": null,
            "isOwnerAndRestricted": false,
            "isOwnerAndNotRestricted": true,
            "isNotOwner": false,
            "annuityCurrentValue": null,
            "valueAsOfDate": null,
            "isAnnuityTaxQualified": false
          },
          {
            "subjectNum": "xxxx1143",
            "totalPremium": "$68.30",
            "loanRepayment": "--",
            "allocatedDiv": "--",
            "productType": "TERM 80",
            "freqPremium": "$68.30",
            "ltc1035Payment": null,
            "payment": "$68.30",
            "productDetailUrl": null,
            "isOwnerAndRestricted": false,
            "isOwnerAndNotRestricted": true,
            "isNotOwner": false,
            "annuityCurrentValue": null,
            "valueAsOfDate": null,
            "isAnnuityTaxQualified": false
          },
          {
            "subjectNum": "xxxx1125",
            "totalPremium": "$298.65",
            "loanRepayment": "--",
            "allocatedDiv": "--",
            "productType": "65 LIFE",
            "freqPremium": "$298.65",
            "ltc1035Payment": null,
            "payment": "$298.65",
            "productDetailUrl": null,
            "isOwnerAndRestricted": false,
            "isOwnerAndNotRestricted": true,
            "isNotOwner": false,
            "annuityCurrentValue": null,
            "valueAsOfDate": null,
            "isAnnuityTaxQualified": false
          },
          {
            "subjectNum": "xxxx2433",
            "totalPremium": "$423.62",
            "loanRepayment": "--",
            "allocatedDiv": "--",
            "productType": "NON-CANCELLABLE DI",
            "freqPremium": "$423.62",
            "ltc1035Payment": null,
            "payment": "$423.62",
            "productDetailUrl": null,
            "isOwnerAndRestricted": false,
            "isOwnerAndNotRestricted": true,
            "isNotOwner": false,
            "annuityCurrentValue": null,
            "valueAsOfDate": null,
            "isAnnuityTaxQualified": false
          }
        ],
        "baseLegalEntityID": 37413269,
        "name": "William Callie Irvin",
        "loanRepaymentSum": "$0.00",
        "allocatedDivSum": null,
        "totalPremiumSum": "$2,201.36",
        "ltc1035Sum": null,
        "paymentSum": "$2,201.36"
      }
    ],
    "annuityCurrentValue": null,
    "isAnnuityTaxQualified": false,
    "valueAsOfDate": null,
    "pendingPayment": {
      "paymentDate": null,
      "paymentAmount": null,
      "confirmationNumber": null,
      "nmcPendingPayment": false,
      "maskedBankAccountNumber": null,
      "bankAccountType": null,
      "bankName": null
    },
    "isRecurringISA": false,
    "paymentStatus": 3,
    "isLoanOnly": false,
    "loanPayOffAmount": "0.00",
    "totalLoan": 0.0,
    "totalLtc1035": 0.0,
    "totalDiv": 0.0,
    "totalPremium": 2201.3599999999998,
    "shortageAmountDue": "$0.00",
    "calculatedPremium": "$2,201.36",
    "isaUrl": "/billing?isa=xxx3066",
    "showMonthlyPastDue": true,
    "isPendingPayment": false,
    "isPendingSetupEft": false,
    "isPendingFrequencyChange": false,
    "isPendingRecurringToDirect": false,
    "isPendingChangeBank": false,
    "pendingFrequencyModel": null,
    "onlinePaymentIneligible": false,
    "isHoCaseLock": false
  }
]