[
  {
    "cardType": "PremiumDirectPastDue",
    "frequency": "annual",
    "isaNumber": "xxx5307",
    "dueDate": "08/30/2016",
    "dueDateAsDate": "2016-08-30T00:00:00",
    "isAnnuity": false,
    "amountDue": "$1,929.00",
    "billedAmount": "$2,014.50",
    "pastDueAmount": "$85.50",
    "serviceCharge": "$0.00",
    "additionalPayment": "$0.00",
    "isaTotal": "$1,929.00",
    "insuredList": [
      {
        "productList": [
          {
            "subjectNum": "xxxx3673",
            "totalPremium": "$3,555.00",
            "loanRepayment": "--",
            "allocatedDiv": "$1,626.00",
            "productType": "NON-CANCELLABLE DI",
            "freqPremium": "$3,555.00",
            "ltc1035Payment": null,
            "payment": "$1,929.00",
            "productDetailUrl": null,
            "isOwnerAndRestricted": false,
            "isOwnerAndNotRestricted": true,
            "isNotOwner": false,
            "annuityCurrentValue": null,
            "valueAsOfDate": null,
            "isAnnuityTaxQualified": false
          }
        ],
        "baseLegalEntityID": 65746860,
        "name": "Brody E Hickey",
        "loanRepaymentSum": "$0.00",
        "allocatedDivSum": null,
        "totalPremiumSum": "$3,555.00",
        "ltc1035Sum": null,
        "paymentSum": "$1,929.00"
      }
    ],
    "annuityCurrentValue": null,
    "isAnnuityTaxQualified": false,
    "valueAsOfDate": null,
    "pendingPayment": {
      "paymentDate": null,
      "paymentAmount": null,
      "confirmationNumber": null,
      "nmcPendingPayment": false,
      "maskedBankAccountNumber": null,
      "bankAccountType": null,
      "bankName": null
    },
    "isRecurringISA": false,
    "paymentStatus": 2,
    "isLoanOnly": false,
    "loanPayOffAmount": "0.00",
    "totalLoan": 0.0,
    "totalLtc1035": 0.0,
    "totalDiv": 1626.0,
    "totalPremium": 3555.0,
    "shortageAmountDue": "$0.00",
    "calculatedPremium": "$1,929.00",
    "isaUrl": "/billing?isa=xxx5307",
    "showMonthlyPastDue": false,
    "isPendingPayment": false,
    "isPendingSetupEft": false,
    "isPendingFrequencyChange": false,
    "isPendingRecurringToDirect": false,
    "isPendingChangeBank": false,
    "pendingFrequencyModel": null,
    "onlinePaymentIneligible": false,
    "isHoCaseLock": false
  }
]