[
  {
    "cardType": "PremiumDirectOutOfWindow",
    "frequency": "annual",
    "isaNumber": "xxx9384",
    "dueDate": "10/15/2016",
    "dueDateAsDate": "2016-10-15T00:00:00",
    "isAnnuity": false,
    "amountDue": "$0.00",
    "billedAmount": "$280.25",
    "pastDueAmount": "$280.25",
    "serviceCharge": "$0.00",
    "additionalPayment": "$0.00",
    "isaTotal": "$280.25",
    "insuredList": [
      {
        "productList": [
          {
            "subjectNum": "xxxx7395",
            "totalPremium": "$180.25",
            "loanRepayment": "$100.00",
            "allocatedDiv": "--",
            "productType": "90 LIFE",
            "freqPremium": "$180.25",
            "ltc1035Payment": null,
            "payment": "$280.25",
            "productDetailUrl": null,
            "isOwnerAndRestricted": false,
            "isOwnerAndNotRestricted": true,
            "isNotOwner": false,
            "annuityCurrentValue": null,
            "valueAsOfDate": null,
            "isAnnuityTaxQualified": false
          }
        ],
        "baseLegalEntityID": 5694750,
        "name": "Sarah I Branham",
        "loanRepaymentSum": "$100.00",
        "allocatedDivSum": null,
        "totalPremiumSum": "$180.25",
        "ltc1035Sum": null,
        "paymentSum": "$280.25"
      }
    ],
    "annuityCurrentValue": null,
    "isAnnuityTaxQualified": false,
    "valueAsOfDate": null,
    "pendingPayment": {
      "paymentDate": null,
      "paymentAmount": null,
      "confirmationNumber": null,
      "nmcPendingPayment": false,
      "maskedBankAccountNumber": null,
      "bankAccountType": null,
      "bankName": null
    },
    "isRecurringISA": false,
    "paymentStatus": 1,
    "isLoanOnly": false,
    "loanPayOffAmount": "0.00",
    "totalLoan": 100.0,
    "totalLtc1035": 0.0,
    "totalDiv": 0.0,
    "totalPremium": 180.25,
    "shortageAmountDue": "$0.00",
    "calculatedPremium": "$0.00",
    "isaUrl": "/billing?isa=xxx9384",
    "showMonthlyPastDue": false,
    "isPendingPayment": false,
    "isPendingSetupEft": false,
    "isPendingFrequencyChange": false,
    "isPendingRecurringToDirect": false,
    "isPendingChangeBank": false,
    "pendingFrequencyModel": null,
    "onlinePaymentIneligible": false,
    "isHoCaseLock": false
  }
]