[
  {
    "cardType": "PremiumPaid",
    "frequency": "annual",
    "isaNumber": "xxx6457",
    "dueDate": "08/22/2016",
    "dueDateAsDate": "2016-08-22T00:00:00",
    "isAnnuity": false,
    "amountDue": "$0.00",
    "billedAmount": "$0.00",
    "pastDueAmount": "$0.00",
    "serviceCharge": "$0.00",
    "additionalPayment": "$0.00",
    "isaTotal": "$0.00",
    "insuredList": [
      {
        "productList": [
          {
            "subjectNum": "xxxx5841",
            "totalPremium": "$2,317.50",
            "loanRepayment": "--",
            "allocatedDiv": "$2,317.50",
            "productType": "90 LIFE",
            "freqPremium": "$2,317.50",
            "ltc1035Payment": null,
            "payment": "$0.00",
            "productDetailUrl": null,
            "isOwnerAndRestricted": false,
            "isOwnerAndNotRestricted": false,
            "isNotOwner": true,
            "annuityCurrentValue": null,
            "valueAsOfDate": null,
            "isAnnuityTaxQualified": false
          },
          {
            "subjectNum": "xxxx0572",
            "totalPremium": "$2,347.50",
            "loanRepayment": "--",
            "allocatedDiv": "$2,347.50",
            "productType": "90 LIFE",
            "freqPremium": "$2,347.50",
            "ltc1035Payment": null,
            "payment": "$0.00",
            "productDetailUrl": null,
            "isOwnerAndRestricted": false,
            "isOwnerAndNotRestricted": false,
            "isNotOwner": true,
            "annuityCurrentValue": null,
            "valueAsOfDate": null,
            "isAnnuityTaxQualified": false
          }
        ],
        "baseLegalEntityID": 579934,
        "name": "Camilla W Talbot",
        "loanRepaymentSum": "$0.00",
        "allocatedDivSum": null,
        "totalPremiumSum": "$4,665.00",
        "ltc1035Sum": null,
        "paymentSum": "$0.00"
      }
    ],
    "annuityCurrentValue": null,
    "isAnnuityTaxQualified": false,
    "valueAsOfDate": null,
    "pendingPayment": {
      "paymentDate": null,
      "paymentAmount": null,
      "confirmationNumber": null,
      "nmcPendingPayment": false,
      "maskedBankAccountNumber": null,
      "bankAccountType": null,
      "bankName": null
    },
    "isRecurringISA": false,
    "paymentStatus": 2,
    "isLoanOnly": false,
    "loanPayOffAmount": "0.00",
    "totalLoan": 0.0,
    "totalLtc1035": 0.0,
    "totalDiv": 4665.0,
    "totalPremium": 4665.0,
    "shortageAmountDue": "$0.00",
    "calculatedPremium": "$0.00",
    "isaUrl": "/billing?isa=xxx6457",
    "showMonthlyPastDue": false,
    "isPendingPayment": false,
    "isPendingSetupEft": false,
    "isPendingFrequencyChange": false,
    "isPendingRecurringToDirect": false,
    "isPendingChangeBank": false,
    "pendingFrequencyModel": null,
    "onlinePaymentIneligible": false,
    "isHoCaseLock": false
  }
]