<env:Envelope xmlns:date="http://exslt.org/dates-and-times" xmlns:env="http://schemas.xmlsoap.org/soap/envelope/">
   <env:Body>
      <env:Fault>
         <faultcode>env:0x00230001</faultcode>
         <faultstring>0x00230001 - local:///esbsetup_v3.xsl:152: xsl:message terminate=yes value='
  Incoming message has token type ' 
  none
  ', provider needs '

  ', cannot bridge the gap.
  '</faultstring>
         <faultactor>[Device: , Srvc: WSRR-Standard, TxnID: 667460657, DateTime: 2016-09-30T01:32:58-05:00]</faultactor>
         <detail>
            <ErrorMessage>DataPower Created Error: Please use the Web Service Troubleshooting Guide located in the ITDL to look up the error message above and determine the appropriate action that should be taken to fix the error.</ErrorMessage>
         </detail>
      </env:Fault>
   </env:Body>
</env:Envelope>
