<soapenv:Envelope xmlns:soapenv="http://schemas.xmlsoap.org/soap/envelope/" xmlns:get="http://nml.com/services/information/personandorg/client/domain/getclientinfov3">
   <%= soapHeader %>
   <soapenv:Body>
      <get:GetClientsDetailsV3Request>
         <MsgHeader>
           <MsgClientOperId><%= msgClientOperId %></MsgClientOperId>
           <MsgSenderApplId><%= msgSenderApplId %></MsgSenderApplId>
         </MsgHeader>
         <ConsumerId><%= apigeeCorrId %></ConsumerId>
         <Keys>
            <Key>
              <nmUniqueIdKey>
                 <nmUniqueId><%= nmUniqueId %></nmUniqueId>
              </nmUniqueIdKey>
            </Key>
         </Keys>
         <ReplyFields>
            <LegalEntity>
               <LegalEntityId>1</LegalEntityId>
               <LegEntIdSrcCde>1</LegEntIdSrcCde>
               <LegEntTypeCde>1</LegEntTypeCde>
               <BaseLegalEntityId>1</BaseLegalEntityId>
               <CltLifecycleCde>2</CltLifecycleCde> 
               <ClientIdentity>
                  <nmUniqueId>1</nmUniqueId>
                  <LoginUsageTypeCde>1</LoginUsageTypeCde>
               </ClientIdentity>
            </LegalEntity>
         </ReplyFields>
      </get:GetClientsDetailsV3Request>
   </soapenv:Body>
</soapenv:Envelope>
