<soapenv:Envelope xmlns:soapenv="http://schemas.xmlsoap.org/soap/envelope/">
   <soapenv:Body>
      <ns2:GetClientsDetailsV3Response xmlns:ns2="http://nml.com/services/information/personandorg/client/domain/getclientinfov3">
         <MsgHeader>
            <MsgClientOperId>SUN1579</MsgClientOperId>
            <MsgSenderApplId>CLNTSRV</MsgSenderApplId>
         </MsgHeader>
         <ClientsDetailsData>
            <LegalEntity>
               <LegalEntityId>7193569</LegalEntityId>
               <LegEntIdSrcCde>1</LegEntIdSrcCde>
               <LegEntTypeCde>02</LegEntTypeCde>
               <BaseLegalEntityId>5221688</BaseLegalEntityId>
               <CltLifecycleCde>2</CltLifecycleCde> 
               <ClientIdentity>
                  <nmUniqueId>NUFBAEC52</nmUniqueId>
                  <LoginUsageTypeCde>1</LoginUsageTypeCde>
               </ClientIdentity>
            </LegalEntity>
         </ClientsDetailsData>
      </ns2:GetClientsDetailsV3Response>
   </soapenv:Body>
</soapenv:Envelope>
