<soapenv:Envelope xmlns:soapenv="http://schemas.xmlsoap.org/soap/envelope/">
   <soapenv:Body>
      <soapenv:Fault>
         <faultcode>soapenv:Server</faultcode>
         <faultstring>Service Internal Exception</faultstring>
         <detail>
            <ns2:GetClientInfoV3Exception xmlns:ns2="http://nml.com/services/information/personandorg/client/domain/getclientinfov3">
               <ID>b5d56236-1127-495a-94c2-04976c91e47f</ID>
               <Message>LegalEntity not found 1111111111</Message>
               <CauseException>com.nm.edas.clientsearch.exception.KeyNotFoundException</CauseException>
               <CauseMessage>LegalEntity not found 1111111111</CauseMessage>
            </ns2:GetClientInfoV3Exception>
         </detail>
      </soapenv:Fault>
   </soapenv:Body>
</soapenv:Envelope>
