<soapenv:Envelope xmlns:soapenv="http://schemas.xmlsoap.org/soap/envelope/">
    <soapenv:Body>
        <soapenv:Fault>
            <faultcode>soapenv:Server</faultcode>
            <faultstring>Service Internal Exception</faultstring>
            <detail>
                <ns2:GetClientInfoV3Exception xmlns:ns2="http://nml.com/services/information/personandorg/client/domain/getclientinfov3">
                    <ID>dc7db827-8668-47b3-9e05-16f8a23d76b9</ID>
                    <Message>NmUniqueIdKey not found: 1111111111</Message>
                    <CauseException>com.nm.edas.clientsearch.exception.KeyNotFoundException</CauseException>
                    <CauseMessage>NmUniqueIdKey not found: 1111111111</CauseMessage>
                </ns2:GetClientInfoV3Exception>
            </detail>
        </soapenv:Fault>
    </soapenv:Body>
</soapenv:Envelope>
