<soapenv:Envelope xmlns:soapenv="http://schemas.xmlsoap.org/soap/envelope/">
   <soapenv:Body>
      <soapenv:Fault>
         <faultcode>soapenv:Server</faultcode>
         <faultstring>Service Internal Exception</faultstring>
         <detail>
            <ns2:GetClientInfoV3Exception xmlns:ns2="http://nml.com/services/information/personandorg/client/domain/getclientinfov3">
               <ID>a96a893e-7cc2-483a-9d1b-49d43c2f8cbd</ID>
               <Message>NmUniqueIdKey not found:</Message>
               <CauseException>com.nm.edas.clientsearch.exception.KeyNotFoundException</CauseException>
               <CauseMessage>NmUniqueIdKey not found:</CauseMessage>
            </ns2:GetClientInfoV3Exception>
         </detail>
      </soapenv:Fault>
   </soapenv:Body>
</soapenv:Envelope>
