[
  {
    "cardType": "PaymentAdditionalDue",
    "frequency": "monthly",
    "isaNumber": "xxx1185",
    "dueDate": "07/20/2016",
    "dueDateAsDate": "2016-07-20T00:00:00",
    "isAnnuity": false,
    "amountDue": "$94.07",
    "serviceCharge": "$1.00",
    "additionalPayment": "$0.00",
    "insuredList": [
      {
        "productList": [
          {
            "subjectNum": "xxxx3135",
            "totalPremium": "$32.92",
            "loanRepayment": "--",
            "allocatedDiv": "--",
            "productType": "LEVEL TERM 20",
            "freqPremium": "$32.92",
            "ltc1035Payment": "N/A",
            "payment": "$32.92",
            "productDetailUrl": "/InsuranceDetail?subjectNum=xxxx3135",
            "isOwnerAndRestricted": false,
            "isOwnerAndNotRestricted": true,
            "isNotOwner": false,
            "annuityCurrentValue": null,
            "valueAsOfDate": "01/19/2016",
            "isAnnuityTaxQualified": false
          },
          {
            "subjectNum": "xxxx1062",
            "totalPremium": "$97.57",
            "loanRepayment": "$50.00",
            "allocatedDiv": "--",
            "productType": "ADJUSTABLE COMPLIFE",
            "freqPremium": "$97.57",
            "ltc1035Payment": "N/A",
            "payment": "$147.57",
            "productDetailUrl": "/InsuranceDetail?subjectNum=xxxx1062",
            "isOwnerAndRestricted": false,
            "isOwnerAndNotRestricted": true,
            "isNotOwner": false,
            "annuityCurrentValue": null,
            "valueAsOfDate": "01/19/2016",
            "isAnnuityTaxQualified": false
          }
        ],
        "baseLegalEntityID": 62589577,
        "name": "Katherine A Coons",
        "loanRepaymentSum": "$50.00",
        "allocatedDivSum": "$0.00",
        "totalPremiumSum": "$130.49",
        "ltc1035Sum": "$0.00",
        "paymentSum": "$180.49"
      },
      {
        "productList": [
          {
            "subjectNum": "xxxx9764",
            "totalPremium": "$28.48",
            "loanRepayment": "--",
            "allocatedDiv": "--",
            "productType": "LEVEL TERM 20",
            "freqPremium": "$28.48",
            "ltc1035Payment": "N/A",
            "payment": "$28.48",
            "productDetailUrl": "/InsuranceDetail?subjectNum=xxxx9764",
            "isOwnerAndRestricted": false,
            "isOwnerAndNotRestricted": false,
            "isNotOwner": true,
            "annuityCurrentValue": null,
            "valueAsOfDate": "",
            "isAnnuityTaxQualified": false
          },
          {
            "subjectNum": "xxxx9745",
            "totalPremium": "$50.22",
            "loanRepayment": "--",
            "allocatedDiv": "--",
            "productType": "ADJUSTABLE COMPLIFE",
            "freqPremium": "$50.22",
            "ltc1035Payment": "N/A",
            "payment": "$50.22",
            "productDetailUrl": "/InsuranceDetail?subjectNum=xxxx9745",
            "isOwnerAndRestricted": false,
            "isOwnerAndNotRestricted": false,
            "isNotOwner": true,
            "annuityCurrentValue": null,
            "valueAsOfDate": "",
            "isAnnuityTaxQualified": false
          }
        ],
        "baseLegalEntityID": 60730233,
        "name": "Raymond Coons",
        "loanRepaymentSum": "$0.00",
        "allocatedDivSum": "$0.00",
        "totalPremiumSum": "$78.70",
        "ltc1035Sum": "$0.00",
        "paymentSum": "$78.70"
      }
    ],
    "annuityCurrentValue": null,
    "isAnnuityTaxQualified": false,
    "valueAsOfDate": null,
    "pendingPayment": {
      "paymentDate": null,
      "paymentAmount": null,
      "confirmationNumber": null,
      "nmcPendingPayment": false,
      "maskedBankAccountNumber": null,
      "bankAccountType": null
    },
    "isRecurringISA": false,
    "paymentStatus": 2,
    "isLoanOnly": false,
    "totalLoan": 50.0,
    "shortageAmountDue": 94.07,
    "calculatedPremium": "$0.00",
    "nextBillAmount": "$260.19",
    "totalLtc1035": 0.0,
    "totalDiv": 0.0,
    "totalPremium": 209.19,
    "isaUrl": "/billing/xxx1185"
  }
]
