[
  {
    "cardType": "AnnuityDirectScheduled",
    "frequency": "monthly",
    "isaNumber": "xxx3417",
    "dueDate": "12/07/2012",
    "dueDateAsDate": "2012-12-07T00:00:00",
    "isAnnuity": true,
    "amountDue": "$333.33",
    "serviceCharge": "$0.00",
    "additionalPayment": "$0.00",
    "insuredList": [],
    "annuityCurrentValue": null,
    "isAnnuityTaxQualified": false,
    "valueAsOfDate": null,
    "pendingPayment": {
      "paymentDate": "06/28/2016",
      "paymentAmount": "$500.00",
      "confirmationNumber": "C2D0F678FCE513A9B5",
      "nmcPendingPayment": true,
      "maskedBankAccountNumber": "*****6789",
      "bankAccountType": "Checking"
    },
    "isRecurringISA": false,
    "paymentStatus": 5,
    "isLoanOnly": false,
    "totalLoan": 0.0,
    "shortageAmountDue": 0.00,
    "calculatedPremium": "$333.33",
    "nextBillAmount": "$0.00",
    "totalLtc1035": 0.0,
    "totalDiv": 0.0,
    "totalPremium": 0.0,
    "isaUrl": "/billing/xxx3417"
  },
  {
    "cardType": "PremiumDirectDue",
    "frequency": "monthly",
    "isaNumber": "xxx1242",
    "dueDate": "06/14/2016",
    "dueDateAsDate": "2016-06-14T00:00:00",
    "isAnnuity": false,
    "amountDue": "$691.11",
    "serviceCharge": "$0.00",
    "additionalPayment": "$0.00",
    "insuredList": [
      {
        "productList": [
          {
            "subjectNum": "xxxx8824",
            "totalPremium": "$60.23",
            "loanRepayment": "--",
            "allocatedDiv": "$9.52",
            "productType": "Disability Income",
            "freqPremium": "$60.23",
            "ltc1035Payment": "N/A",
            "payment": "$50.71",
            "productDetailUrl": "/InsuranceDetail?subjectNum=xxxx8824",
            "isOwnerAndRestricted": false,
            "isOwnerAndNotRestricted": false,
            "isNotOwner": true,
            "annuityCurrentValue": null,
            "valueAsOfDate": "",
            "isAnnuityTaxQualified": false
          }
        ],
        "baseLegalEntityID": 6801077,
        "name": "Amy M Wubker / Carolyn B Mehlomakulu",
        "loanRepaymentSum": "$0.00",
        "allocatedDivSum": "$9.52",
        "totalPremiumSum": "$60.23",
        "ltc1035Sum": "$0.00",
        "paymentSum": "$50.71"
      },
      {
        "productList": [
          {
            "subjectNum": "xxxx8980",
            "totalPremium": "$46.89",
            "loanRepayment": "--",
            "allocatedDiv": "--",
            "productType": "Term to Age 70/Term to Age 75/Term to Age 80",
            "freqPremium": "$46.89",
            "ltc1035Payment": "N/A",
            "payment": "$46.89",
            "productDetailUrl": "/InsuranceDetail?subjectNum=xxxx8980",
            "isOwnerAndRestricted": false,
            "isOwnerAndNotRestricted": true,
            "isNotOwner": false,
            "annuityCurrentValue": null,
            "valueAsOfDate": "09/30/2015",
            "isAnnuityTaxQualified": false
          },
          {
            "subjectNum": "xxxx6130",
            "totalPremium": "$153.45",
            "loanRepayment": "--",
            "allocatedDiv": "--",
            "productType": "Adjustable CompLife",
            "freqPremium": "$153.45",
            "ltc1035Payment": "N/A",
            "payment": "$153.45",
            "productDetailUrl": "/InsuranceDetail?subjectNum=xxxx6130",
            "isOwnerAndRestricted": false,
            "isOwnerAndNotRestricted": true,
            "isNotOwner": false,
            "annuityCurrentValue": null,
            "valueAsOfDate": "09/30/2015",
            "isAnnuityTaxQualified": false
          },
          {
            "subjectNum": "xxxx9688",
            "totalPremium": "$135.99",
            "loanRepayment": "$101.42",
            "allocatedDiv": "--",
            "productType": "Adjustable CompLife",
            "freqPremium": "$135.99",
            "ltc1035Payment": "N/A",
            "payment": "$237.41",
            "productDetailUrl": "/InsuranceDetail?subjectNum=xxxx9688",
            "isOwnerAndRestricted": false,
            "isOwnerAndNotRestricted": true,
            "isNotOwner": false,
            "annuityCurrentValue": null,
            "valueAsOfDate": "09/30/2015",
            "isAnnuityTaxQualified": false
          }
        ],
        "baseLegalEntityID": 10414974,
        "name": "Bungane Mehlomakulu",
        "loanRepaymentSum": "$101.42",
        "allocatedDivSum": "$0.00",
        "totalPremiumSum": "$336.33",
        "ltc1035Sum": "$0.00",
        "paymentSum": "$437.75"
      },
      {
        "productList": [
          {
            "subjectNum": "xxxx8849",
            "totalPremium": "$9.75",
            "loanRepayment": "--",
            "allocatedDiv": "$1.66",
            "productType": "Term to Age 70/Term to Age 75/Term to Age 80",
            "freqPremium": "$9.75",
            "ltc1035Payment": "N/A",
            "payment": "$8.09",
            "productDetailUrl": "/InsuranceDetail?subjectNum=xxxx8849",
            "isOwnerAndRestricted": false,
            "isOwnerAndNotRestricted": false,
            "isNotOwner": true,
            "annuityCurrentValue": null,
            "valueAsOfDate": "",
            "isAnnuityTaxQualified": false
          },
          {
            "subjectNum": "xxxx8833",
            "totalPremium": "$194.56",
            "loanRepayment": "--",
            "allocatedDiv": "--",
            "productType": "Adjustable CompLife",
            "freqPremium": "$194.56",
            "ltc1035Payment": "N/A",
            "payment": "$194.56",
            "productDetailUrl": "/InsuranceDetail?subjectNum=xxxx8833",
            "isOwnerAndRestricted": false,
            "isOwnerAndNotRestricted": false,
            "isNotOwner": true,
            "annuityCurrentValue": null,
            "valueAsOfDate": "",
            "isAnnuityTaxQualified": false
          }
        ],
        "baseLegalEntityID": 14590444,
        "name": "Carolyn B Mehlomakulu",
        "loanRepaymentSum": "$0.00",
        "allocatedDivSum": "$1.66",
        "totalPremiumSum": "$204.31",
        "ltc1035Sum": "$0.00",
        "paymentSum": "$202.65"
      }
    ],
    "annuityCurrentValue": null,
    "isAnnuityTaxQualified": false,
    "valueAsOfDate": null,
    "pendingPayment": {
      "paymentDate": null,
      "paymentAmount": null,
      "confirmationNumber": null,
      "nmcPendingPayment": false,
      "maskedBankAccountNumber": null,
      "bankAccountType": null
    },
    "isRecurringISA": false,
    "paymentStatus": 2,
    "isLoanOnly": false,
    "totalLoan": 101.42,
    "shortageAmountDue": 0.00,
    "calculatedPremium": "$691.11",
    "nextBillAmount": "$691.11",
    "totalLtc1035": 0.0,
    "totalDiv": 11.18,
    "totalPremium": 600.87,
    "isaUrl": "/billing/xxx1242"
  }
]
