[
  {
    "cardType": "AnnuityDirectInOrOutOfWindow",
    "frequency": "monthly",
    "isaNumber": "xxx3417",
    "dueDate": "12/07/2012",
    "dueDateAsDate": "2012-12-07T00:00:00",
    "isAnnuity": true,
    "amountDue": "$333.33",
    "serviceCharge": "$0.00",
    "additionalPayment": "$0.00",
    "insuredList": [
          {
            "productList": [
              {
                "subjectNum": "xxxx8824",
                "totalPremium": "$60.23",
                "loanRepayment": "--",
                "allocatedDiv": "$9.52",
                "productType": "Disability Income",
                "freqPremium": "$60.23",
                "ltc1035Payment": "N/A",
                "payment": "$50.71",
                "productDetailUrl": "/InsuranceDetail?subjectNum=xxxx8824",
                "isOwnerAndRestricted": false,
                "isOwnerAndNotRestricted": false,
                "isNotOwner": true,
                "annuityCurrentValue": null,
                "valueAsOfDate": "",
                "isAnnuityTaxQualified": false
              }
            ],
            "baseLegalEntityID": 6801077,
            "name": "Amy M Wubker / Carolyn B Mehlomakulu",
            "loanRepaymentSum": "$0.00",
            "allocatedDivSum": "$9.52",
            "totalPremiumSum": "$60.23",
            "ltc1035Sum": "$0.00",
            "paymentSum": "$50.71"
          }
    ],
    "annuityCurrentValue": null,
    "isAnnuityTaxQualified": false,
    "valueAsOfDate": null,
    "pendingPayment": {
      "paymentDate": null,
      "paymentAmount": null,
      "confirmationNumber": null,
      "nmcPendingPayment": false,
      "maskedBankAccountNumber": null,
      "bankAccountType": null
    },
    "isRecurringISA": false,
    "paymentStatus": 6,
    "isLoanOnly": false,
    "totalLoan": 0.0,
    "shortageAmountDue": 0.00,
    "calculatedPremium": "$333.33",
    "nextBillAmount": "$0.00",
    "totalLtc1035": 0.0,
    "totalDiv": 0.0,
    "totalPremium": 0.0,
    "isaUrl": "/billing/xxx3417"
  }
]
