[
  {
    "cardType": "AnnuityDirectInOrOutOfWindow",
    "frequency": "monthly",
    "isaNumber": "xxx3417",
    "dueDate": "12/07/2012",
    "dueDateAsDate": "2012-12-07T00:00:00",
    "isAnnuity": true,
    "amountDue": "$333.33",
    "serviceCharge": "$0.00",
    "additionalPayment": "$0.00",
    "insuredList": [
          {
            "productList": [
              {
                "subjectNum": "xxxx8824",
                "totalPremium": "$60.23",
                "loanRepayment": "--",
                "allocatedDiv": "$9.52",
                "productType": "Disability Income",
                "freqPremium": "$60.23",
                "ltc1035Payment": "N/A",
                "payment": "$50.71",
                "productDetailUrl": "/InsuranceDetail?subjectNum=xxxx8824",
                "isOwnerAndRestricted": false,
                "isOwnerAndNotRestricted": false,
                "isNotOwner": true,
                "annuityCurrentValue": null,
                "valueAsOfDate": "",
                "isAnnuityTaxQualified": false
              }
            ],
            "baseLegalEntityID": 6801077,
            "name": "Amy M Wubker / Carolyn B Mehlomakulu",
            "loanRepaymentSum": "$0.00",
            "allocatedDivSum": "$9.52",
            "totalPremiumSum": "$60.23",
            "ltc1035Sum": "$0.00",
            "paymentSum": "$50.71"
          }
    ],
    "annuityCurrentValue": null,
    "isAnnuityTaxQualified": false,
    "valueAsOfDate": null,
    "pendingPayment": {
      "paymentDate": null,
      "paymentAmount": null,
      "confirmationNumber": null,
      "nmcPendingPayment": false,
      "maskedBankAccountNumber": null,
      "bankAccountType": null
    },
    "isRecurringISA": false,
    "paymentStatus": 6,
    "isLoanOnly": false,
    "totalLoan": 0.0,
    "shortageAmountDue": 0.00,
    "calculatedPremium": "$333.33",
    "nextBillAmount": "$0.00",
    "totalLtc1035": 0.0,
    "totalDiv": 0.0,
    "totalPremium": 0.0,
    "isaUrl": "/billing/xxx3417"
},
{
  "cardType": "AnnuityDirectScheduled",
  "frequency": "monthly",
  "isaNumber": "xxx3417",
  "dueDate": "12/07/2012",
  "dueDateAsDate": "2012-12-07T00:00:00",
  "isAnnuity": true,
  "amountDue": "$333.33",
  "serviceCharge": "$0.00",
  "additionalPayment": "$0.00",
  "insuredList": [],
  "annuityCurrentValue": null,
  "isAnnuityTaxQualified": false,
  "valueAsOfDate": null,
  "pendingPayment": {
    "paymentDate": "06/28/2016",
    "paymentAmount": "$500.00",
    "confirmationNumber": "C2D0F678FCE513A9B5",
    "nmcPendingPayment": true,
    "maskedBankAccountNumber": "*****6789",
    "bankAccountType": "Checking"
  },
  "isRecurringISA": false,
  "paymentStatus": 5,
  "isLoanOnly": false,
  "totalLoan": 0.0,
  "shortageAmountDue": 0.00,
  "calculatedPremium": "$333.33",
  "nextBillAmount": "$0.00",
  "totalLtc1035": 0.0,
  "totalDiv": 0.0,
  "totalPremium": 0.0,
  "isaUrl": "/billing/xxx3417"
},
{
  "cardType": "AnnuityRecurringInOrOutOfWindow",
  "frequency": "annual",
  "isaNumber": "xxx0612",
  "dueDate": "09/18/2016",
  "dueDateAsDate": "2016-09-18T00:00:00",
  "isAnnuity": false,
  "amountDue": "$0.00",
  "serviceCharge": "$0.00",
  "additionalPayment": "$0.00",
  "insuredList": [
    {
      "productList": [
        {
          "subjectNum": "xxxx5196",
          "totalPremium": "$4,200.00",
          "loanRepayment": "--",
          "allocatedDiv": "--",
          "productType": "Whole Life",
          "freqPremium": "$4,200.00",
          "ltc1035Payment": "N/A",
          "payment": "$4,200.00",
          "productDetailUrl": "/InsuranceDetail?subjectNum=xxxx5196",
          "isOwnerAndRestricted": false,
          "isOwnerAndNotRestricted": true,
          "isNotOwner": false,
          "annuityCurrentValue": null,
          "valueAsOfDate": "09/30/2015",
          "isAnnuityTaxQualified": false
        }
      ],
      "baseLegalEntityID": 14177645,
      "name": "Rosalind B Kinney",
      "loanRepaymentSum": "$0.00",
      "allocatedDivSum": "$0.00",
      "totalPremiumSum": "$4,200.00",
      "ltc1035Sum": "$0.00",
      "paymentSum": "$4,200.00"
    }
  ],
  "annuityCurrentValue": null,
  "isAnnuityTaxQualified": false,
  "valueAsOfDate": null,
  "pendingPayment": {
    "paymentDate": null,
    "paymentAmount": null,
    "confirmationNumber": null,
    "nmcPendingPayment": false,
    "maskedBankAccountNumber": null,
    "bankAccountType": null
  },
  "isRecurringISA": true,
  "paymentStatus": 1,
  "isLoanOnly": false,
  "totalLoan": 0.0,
  "shortageAmountDue": 0.00,
  "calculatedPremium": "$0.00",
  "nextBillAmount": "$4,200.00",
  "totalLtc1035": 0.0,
  "totalDiv": 0.0,
  "totalPremium": 4200.0,
  "isaUrl": "/billing/xxx0612"
},
{
  "cardType": "AnnuityRecurringAddlContributionScheduled",
  "frequency": "monthly",
  "isaNumber": "xxx8141",
  "dueDate": "07/01/2016",
  "dueDateAsDate": "2016-07-01T00:00:00",
  "isAnnuity": false,
  "amountDue": "$400.43",
  "serviceCharge": "$1.00",
  "additionalPayment": "$0.00",
  "insuredList": [
    {
      "productList": [
        {
          "subjectNum": "xxxx3426",
          "totalPremium": "$154.44",
          "loanRepayment": "$399.43",
          "allocatedDiv": "$154.44",
          "productType": "Whole Life",
          "freqPremium": "$154.44",
          "ltc1035Payment": "N/A",
          "payment": "$399.43",
          "productDetailUrl": "/InsuranceDetail?subjectNum=xxxx3426",
          "isOwnerAndRestricted": false,
          "isOwnerAndNotRestricted": true,
          "isNotOwner": false,
          "annuityCurrentValue": null,
          "valueAsOfDate": "09/30/2015",
          "isAnnuityTaxQualified": false
        }
      ],
      "baseLegalEntityID": 14590413,
      "name": "Brian L Chalk",
      "loanRepaymentSum": "$399.43",
      "allocatedDivSum": "$154.44",
      "totalPremiumSum": "$154.44",
      "ltc1035Sum": "$0.00",
      "paymentSum": "$399.43"
    }
  ],
  "annuityCurrentValue": null,
  "isAnnuityTaxQualified": false,
  "valueAsOfDate": null,
  "pendingPayment": {
    "paymentDate": "06/28/2016",
    "paymentAmount": "$400.43",
    "confirmationNumber": "C2D0F67AAFC4714F36",
    "nmcPendingPayment": true,
    "maskedBankAccountNumber": "******5391",
    "bankAccountType": "Checking"
  },
  "isRecurringISA": false,
  "paymentStatus": 5,
  "isLoanOnly": false,
  "totalLoan": 399.43,
  "shortageAmountDue": 0.00,
  "calculatedPremium": "$400.43",
  "nextBillAmount": "$400.43",
  "totalLtc1035": 0.0,
  "totalDiv": 154.44,
  "totalPremium": 154.44,
  "isaUrl": "/billing/xxx8141"
}
]
