[
  {
    "cardType": "RecurringShortageDue",
    "frequency": "monthly",
    "isaNumber": "xxx8371",
    "dueDate": "08/12/2016",
    "dueDateAsDate": "2016-08-12T00:00:00",
    "isAnnuity": false,
    "amountDue": "$42.54",
    "billedAmount": "$76.42",
    "pastDueAmount": "$33.88",
    "serviceCharge": "$0.00",
    "additionalPayment": "$0.00",
    "insuredList": [
      {
        "productList": [
          {
            "subjectNum": "xxxx6735",
            "totalPremium": "$7.35",
            "loanRepayment": "--",
            "allocatedDiv": "$0.44",
            "productType": "TERM 80",
            "freqPremium": "$7.35",
            "ltc1035Payment": null,
            "payment": "$6.91",
            "productDetailUrl": null,
            "isOwnerAndRestricted": false,
            "isOwnerAndNotRestricted": true,
            "isNotOwner": false,
            "annuityCurrentValue": null,
            "valueAsOfDate": null,
            "isAnnuityTaxQualified": false
          },
          {
            "subjectNum": "xxxx6706",
            "totalPremium": "$35.63",
            "loanRepayment": "--",
            "allocatedDiv": "--",
            "productType": "65 LIFE",
            "freqPremium": "$35.63",
            "ltc1035Payment": null,
            "payment": "$35.63",
            "productDetailUrl": null,
            "isOwnerAndRestricted": false,
            "isOwnerAndNotRestricted": true,
            "isNotOwner": false,
            "annuityCurrentValue": null,
            "valueAsOfDate": null,
            "isAnnuityTaxQualified": false
          }
        ],
        "baseLegalEntityID": 65190138,
        "name": "Brooklyn L Reardon",
        "loanRepaymentSum": "$0.00",
        "allocatedDivSum": null,
        "totalPremiumSum": "$42.98",
        "ltc1035Sum": null,
        "paymentSum": "$42.54"
      }
    ],
    "annuityCurrentValue": null,
    "isAnnuityTaxQualified": false,
    "valueAsOfDate": null,
    "pendingPayment": {
      "paymentDate": null,
      "paymentAmount": null,
      "confirmationNumber": null,
      "nmcPendingPayment": false,
      "maskedBankAccountNumber": null,
      "bankAccountType": null,
      "bankName": null
    },
    "isRecurringISA": true,
    "paymentStatus": 2,
    "isLoanOnly": false,
    "loanPayOffAmount": "0.00",
    "totalLoan": 0.0,
    "totalLtc1035": 0.0,
    "totalDiv": 0.44,
    "totalPremium": 42.980000000000004,
    "shortageAmountDue": 15.25,
    "calculatedPremium": "$27.29",
    "isaUrl": "/billing/xxx8371",
    "showMonthlyPastDue": false,
    "isPendingPayment": false,
    "isPendingSetupEft": false,
    "isPendingFrequencyChange": false,
    "isPendingRecurringToDirect": false,
    "isPendingChangeBank": false,
    "pendingFrequencyModel": null,
    "onlinePaymentIneligible": false,
    "isHoCaseLock": false
  }
]
