[
  {
    "cardType": "ChangePending",
    "frequency": "quarterly",
    "isaNumber": "xxx7171",
    "dueDate": "09/28/2016",
    "dueDateAsDate": "2016-09-28T00:00:00",
    "isAnnuity": false,
    "amountDue": "$0.00",
    "billedAmount": "$1,221.76",
    "pastDueAmount": "$1,221.76",
    "serviceCharge": "$0.00",
    "additionalPayment": "$0.00",
    "insuredList": [
      {
        "productList": [
          {
            "subjectNum": "xxxx2995",
            "totalPremium": null,
            "loanRepayment": null,
            "allocatedDiv": null,
            "productType": "Disability Income",
            "freqPremium": null,
            "ltc1035Payment": null,
            "payment": "$283.89",
           "productDetailUrl": null,
            "isOwnerAndRestricted": false,
            "isOwnerAndNotRestricted": true,
            "isNotOwner": false,
            "annuityCurrentValue": null,
            "valueAsOfDate": null,
            "isAnnuityTaxQualified": false
          }
        ],
        "baseLegalEntityID": 7154826,
        "name": "Richard E Geils / Ngozi I Bolton",
        "loanRepaymentSum": null,
        "allocatedDivSum": null,
        "totalPremiumSum": null,
        "ltc1035Sum": null,
        "paymentSum": null
      },
      {
        "productList": [
          {
            "subjectNum": "xxxx5734",
            "totalPremium": null,
            "loanRepayment": null,
            "allocatedDiv": null,
            "productType": "Disability Income",
            "freqPremium": null,
            "ltc1035Payment": null,
            "payment": "$675.51",
            "productDetailUrl": null,
            "isOwnerAndRestricted": false,
            "isOwnerAndNotRestricted": true,
            "isNotOwner": false,
            "annuityCurrentValue": null,
            "valueAsOfDate": null,
            "isAnnuityTaxQualified": false
          }
        ],
        "baseLegalEntityID": 6998078,
        "name": "Mary S Kabel / Ngozi I Bolton",
        "loanRepaymentSum": null,
        "allocatedDivSum": null,
        "totalPremiumSum": null,
        "ltc1035Sum": null,
        "paymentSum": null
      },
      {
        "productList": [
          {
            "subjectNum": "xxxx4758",
            "totalPremium": null,
            "loanRepayment": null,
            "allocatedDiv": null,
            "productType": "Disability Income",
            "freqPremium": null,
            "ltc1035Payment": null,
            "payment": "$203.89",
            "productDetailUrl": null,
            "isOwnerAndRestricted": false,
            "isOwnerAndNotRestricted": false,
            "isNotOwner": true,
            "annuityCurrentValue": null,
            "valueAsOfDate": null,
            "isAnnuityTaxQualified": false
          }
        ],
        "baseLegalEntityID": 7157598,
        "name": "Steven E Meyerhardt / Timothy L Bolton",
        "loanRepaymentSum": null,
        "allocatedDivSum": null,
        "totalPremiumSum": null,
        "ltc1035Sum": null,
        "paymentSum": null
      },
      {
        "productList": [
          {
            "subjectNum": "xxxx8513",
            "totalPremium": null,
            "loanRepayment": null,
            "allocatedDiv": null,
            "productType": "Term to Age 70/Term to Age 75/Term to Age 80",
            "freqPremium": null,
            "ltc1035Payment": null,
            "payment": "$452.84",
            "productDetailUrl": null,
            "isOwnerAndRestricted": false,
            "isOwnerAndNotRestricted": true,
            "isNotOwner": false,
            "annuityCurrentValue": null,
            "valueAsOfDate": null,
            "isAnnuityTaxQualified": false
          }
        ],
        "baseLegalEntityID": 14175751,
        "name": "Ngozi I Bolton",
        "loanRepaymentSum": null,
        "allocatedDivSum": null,
        "totalPremiumSum": null,
        "ltc1035Sum": null,
        "paymentSum": null
      },
      {
        "productList": [
          {
            "subjectNum": "xxxx8447",
            "totalPremium": null,
            "loanRepayment": null,
            "allocatedDiv": null,
            "productType": "Term to Age 70/Term to Age 75/Term to Age 80",
            "freqPremium": null,
            "ltc1035Payment": null,
            "payment": "$701.26",
            "productDetailUrl": null,
            "isOwnerAndRestricted": false,
            "isOwnerAndNotRestricted": false,
            "isNotOwner": true,
            "annuityCurrentValue": null,
            "valueAsOfDate": null,
            "isAnnuityTaxQualified": false
          }
        ],
        "baseLegalEntityID": 14175753,
        "name": "Timothy L Bolton",
        "loanRepaymentSum": null,
        "allocatedDivSum": null,
        "totalPremiumSum": null,
        "ltc1035Sum": null,
        "paymentSum": null
      }
    ],
    "annuityCurrentValue": null,
    "isAnnuityTaxQualified": false,
    "valueAsOfDate": null,
    "pendingPayment": {
      "paymentDate": null,
      "paymentAmount": null,
      "confirmationNumber": null,
      "nmcPendingPayment": false,
      "maskedBankAccountNumber": null,
      "bankAccountType": null,
      "bankName": null
    },
    "isRecurringISA": false,
    "paymentStatus": 1,
    "isLoanOnly": false,
    "totalLoan": 0.0,
    "shortageAmountDue": 0.00,
    "calculatedPremium": "$0.00",
    "nextBillAmount": null,
    "totalLtc1035": 0.0,
    "totalDiv": 0.0,
    "totalPremium": 0.0,
    "isaUrl": "/billing?isa=xxx7171",
    "showMonthlyPastDue": false,
    "isPendingPayment": false,
    "isPendingSetupEft": false,
    "isPendingFrequencyChange": true,
    "isPendingRecurringToDirect": false,
    "isPendingChangeBank": false,
    "pendingFrequencyModel": {
      "prevFreqCode": "4",
      "prevFreqDesc": "quarterly",
      "newFreqCode": "2",
      "newFreqDesc": "semi-annual",
      "newFreqValue": "$2,516.26",
      "prevFreqValue": "$1,250.68"
    },
    "onlinePaymentIneligible": false,
    "isHoCaseLock": true
  }
]
 
