[
  {
    "cardType": "DirectShortagePastDue",
    "frequency": "quarterly",
    "isaNumber": "xxx6997",
    "dueDate": "06/28/2016",
    "dueDateAsDate": "2016-06-28T00:00:00",
    "isAnnuity": false,
    "amountDue": "$341.39",
    "billedAmount": "$341.39",
    "pastDueAmount": "$0.00",
    "serviceCharge": "$0.00",
    "additionalPayment": "$0.00",
    "insuredList": [
      {
        "productList": [
          {
            "subjectNum": "xxxx2992",
            "totalPremium": "$60.22",
            "loanRepayment": "--",
            "allocatedDiv": "--",
            "productType": "ADJUSTABLE COMPLIFE",
            "freqPremium": "$60.22",
            "ltc1035Payment": null,
            "payment": "$60.22",
            "productDetailUrl": null,
            "isOwnerAndRestricted": false,
            "isOwnerAndNotRestricted": true,
            "isNotOwner": false,
            "annuityCurrentValue": null,
            "valueAsOfDate": null,
            "isAnnuityTaxQualified": false
          }
        ],
        "baseLegalEntityID": 35386521,
        "name": "Colin Asher D'Barajas",
        "loanRepaymentSum": "$0.00",
        "allocatedDivSum": null,
        "totalPremiumSum": "$60.22",
        "ltc1035Sum": null,
        "paymentSum": "$60.22"
      },
      {
        "productList": [
          {
            "subjectNum": "xxxx1612",
            "totalPremium": "$38.34",
            "loanRepayment": "--",
            "allocatedDiv": "--",
            "productType": "LEVEL TERM 10 - RENEWABLE",
            "freqPremium": "$38.34",
            "ltc1035Payment": null,
            "payment": "$38.34",
            "productDetailUrl": null,
            "isOwnerAndRestricted": false,
            "isOwnerAndNotRestricted": true,
            "isNotOwner": false,
            "annuityCurrentValue": null,
            "valueAsOfDate": null,
            "isAnnuityTaxQualified": false
          }
        ],
        "baseLegalEntityID": 35386522,
        "name": "Colin D D'Slo's",
        "loanRepaymentSum": "$0.00",
        "allocatedDivSum": null,
        "totalPremiumSum": "$38.34",
        "ltc1035Sum": null,
        "paymentSum": "$38.34"
      }
    ],
    "annuityCurrentValue": null,
    "isAnnuityTaxQualified": false,
    "valueAsOfDate": null,
    "pendingPayment": {
      "paymentDate": null,
      "paymentAmount": null,
      "confirmationNumber": null,
      "nmcPendingPayment": false,
      "maskedBankAccountNumber": null,
      "bankAccountType": null,
      "bankName": null
    },
    "isRecurringISA": false,
    "paymentStatus": 3,
    "isLoanOnly": false,
    "loanPayOffAmount": "0.00",
    "totalLoan": 0.0,
    "totalLtc1035": 0.0,
    "totalDiv": 0.0,
    "totalPremium": 98.56,
    "shortageAmountDue": 82.79,
    "calculatedPremium": "$258.60",
    "isaUrl": "/billing/xxx6997",
    "showMonthlyPastDue": false,
    "isPendingPayment": false,
    "isPendingSetupEft": false,
    "isPendingFrequencyChange": false,
    "isPendingRecurringToDirect": false,
    "isPendingChangeBank": false,
    "pendingFrequencyModel": null,
    "onlinePaymentIneligible": false,
    "isHoCaseLock": false
  }
]
