[
  {
    "cardType": "PremiumRecurring",
    "frequency": "monthly",
    "isaNumber": "xxx4161",
    "dueDate": "04/08/2006",
    "dueDateAsDate": "2006-04-08T00:00:00",
    "isAnnuity": false,
    "amountDue": "$340.63",
    "billedAmount": "$340.63",
    "pastDueAmount": "$0.00",
    "serviceCharge": "$0.00",
    "additionalPayment": "$0.00",
    "isaTotal": "$348.36",
    "insuredList": [
      {
        "productList": [
          {
            "subjectNum": "xxxx2021",
            "totalPremium": "$131.99",
            "loanRepayment": "--",
            "allocatedDiv": "$10.19",
            "productType": "NON-CANCELLABLE DI",
            "freqPremium": "$131.99",
            "ltc1035Payment": null,
            "payment": "$121.80",
            "productDetailUrl": null,
            "isOwnerAndRestricted": false,
            "isOwnerAndNotRestricted": true,
            "isNotOwner": false,
            "annuityCurrentValue": null,
            "valueAsOfDate": null,
            "isAnnuityTaxQualified": false
          },
          {
            "subjectNum": "xxxx3549",
            "totalPremium": "$22.51",
            "loanRepayment": "--",
            "allocatedDiv": "$4.81",
            "productType": "NON-CANCELLABLE DI",
            "freqPremium": "$22.51",
            "ltc1035Payment": null,
            "payment": "$17.70",
            "productDetailUrl": null,
            "isOwnerAndRestricted": false,
            "isOwnerAndNotRestricted": true,
            "isNotOwner": false,
            "annuityCurrentValue": null,
            "valueAsOfDate": null,
            "isAnnuityTaxQualified": false
          },
          {
            "subjectNum": "xxxx3547",
            "totalPremium": "$110.88",
            "loanRepayment": "--",
            "allocatedDiv": "$14.40",
            "productType": "NON-CANCELLABLE DI",
            "freqPremium": "$110.88",
            "ltc1035Payment": null,
            "payment": "$96.48",
            "productDetailUrl": null,
            "isOwnerAndRestricted": false,
            "isOwnerAndNotRestricted": true,
            "isNotOwner": false,
            "annuityCurrentValue": null,
            "valueAsOfDate": null,
            "isAnnuityTaxQualified": false
          },
          {
            "subjectNum": "xxxx2746",
            "totalPremium": "$112.38",
            "loanRepayment": "--",
            "allocatedDiv": "--",
            "productType": "DIS INC",
            "freqPremium": "$112.38",
            "ltc1035Payment": null,
            "payment": "$112.38",
            "productDetailUrl": null,
            "isOwnerAndRestricted": false,
            "isOwnerAndNotRestricted": true,
            "isNotOwner": false,
            "annuityCurrentValue": null,
            "valueAsOfDate": null,
            "isAnnuityTaxQualified": false
          }
        ],
        "baseLegalEntityID": 25992933,
        "name": "Adam Deaton",
        "loanRepaymentSum": "$0.00",
        "allocatedDivSum": null,
        "totalPremiumSum": "$377.76",
        "ltc1035Sum": null,
        "paymentSum": "$348.36"
      }
    ],
    "annuityCurrentValue": null,
    "isAnnuityTaxQualified": false,
    "valueAsOfDate": null,
    "pendingPayment": {
      "paymentDate": null,
      "paymentAmount": null,
      "confirmationNumber": null,
      "nmcPendingPayment": false,
      "maskedBankAccountNumber": null,
      "bankAccountType": null,
      "bankName": null
    },
    "isRecurringISA": true,
    "paymentStatus": 4,
    "isLoanOnly": false,
    "loanPayOffAmount": "0.00",
    "totalLoan": 0.0,
    "totalLtc1035": 0.0,
    "totalDiv": 29.4,
    "totalPremium": 377.76,
    "shortageAmountDue": 0.00,
    "calculatedPremium": "$340.63",
    "isaUrl": "/billing/xxx4161",
    "showMonthlyPastDue": false,
    "isPendingPayment": false,
    "isPendingSetupEft": false,
    "isPendingFrequencyChange": false,
    "isPendingRecurringToDirect": false,
    "isPendingChangeBank": false,
    "pendingFrequencyModel": null,
    "onlinePaymentIneligible": false,
    "isHoCaseLock": false
  },
  {
    "cardType": "DirectShortageDue",
    "frequency": "monthly",
    "isaNumber": "xxx1726",
    "dueDate": "08/20/2016",
    "dueDateAsDate": "2016-08-20T00:00:00",
    "isAnnuity": false,
    "amountDue": "$5,122.00",
    "billedAmount": "$5,122.00",
    "pastDueAmount": "$0.00",
    "serviceCharge": "$1.00",
    "additionalPayment": "$0.00",
    "isaTotal": "$2,701.00",
    "insuredList": [
      {
        "productList": [
          {
            "subjectNum": "xxxx6485",
            "totalPremium": "$2,700.00",
            "loanRepayment": "--",
            "allocatedDiv": "--",
            "productType": "ADJUSTABLE COMPLIFE",
            "freqPremium": "$2,700.00",
            "ltc1035Payment": null,
            "payment": "$2,700.00",
            "productDetailUrl": null,
            "isOwnerAndRestricted": false,
            "isOwnerAndNotRestricted": true,
            "isNotOwner": false,
            "annuityCurrentValue": null,
            "valueAsOfDate": null,
            "isAnnuityTaxQualified": false
          }
        ],
        "baseLegalEntityID": 25992933,
        "name": "Adam Deaton",
        "loanRepaymentSum": "$0.00",
        "allocatedDivSum": null,
        "totalPremiumSum": "$2,700.00",
        "ltc1035Sum": null,
        "paymentSum": "$2,700.00"
      }
    ],
    "annuityCurrentValue": null,
    "isAnnuityTaxQualified": false,
    "valueAsOfDate": null,
    "pendingPayment": {
      "paymentDate": null,
      "paymentAmount": null,
      "confirmationNumber": null,
      "nmcPendingPayment": false,
      "maskedBankAccountNumber": null,
      "bankAccountType": null,
      "bankName": null
    },
    "isRecurringISA": false,
    "paymentStatus": 2,
    "isLoanOnly": false,
    "loanPayOffAmount": "0.00",
    "totalLoan": 0.0,
    "totalLtc1035": 0.0,
    "totalDiv": 0.0,
    "totalPremium": 2700.0,
    "shortageAmountDue": 2421.00,
    "calculatedPremium": "$2,701.00",
    "isaUrl": "/billing/xxx1726",
    "showMonthlyPastDue": false,
    "isPendingPayment": false,
    "isPendingSetupEft": false,
    "isPendingFrequencyChange": false,
    "isPendingRecurringToDirect": false,
    "isPendingChangeBank": false,
    "pendingFrequencyModel": null,
    "onlinePaymentIneligible": false,
    "isHoCaseLock": false
  }
]
