[{
    "cardType": "PremiumPaidByDividend",
    "frequency": "annual",
    "isaNumber": "xxx0815",
    "dueDate": "05/30/2016",
    "dueDateAsDate": "2016-05-30T00:00:00",
    "isAnnuity": false,
    "amountDue": "$0.00",
    "serviceCharge": "$0.00",
    "additionalPayment": "$0.00",
    "insuredList": [{
        "productList": [{
            "subjectNum": "xxx5086",
            "totalPremium": "$175.60",
            "loanRepayment": "--",
            "allocatedDiv": "$175.60",
            "productType": null,
            "freqPremium": "$175.60",
            "ltc1035Payment": "N/A",
            "payment": "$0.00",
            "productDetailUrl": "/InsuranceDetail?subjectNum=xxx5086",
            "isOwnerAndRestricted": false,
            "isOwnerAndNotRestricted": true,
            "isNotOwner": false,
            "annuityCurrentValue": null,
            "valueAsOfDate": "09/30/2015",
            "isAnnuityTaxQualified": false
        }],
        "baseLegalEntityID": 7563416,
        "name": "Jennifer C Rood / Harvey Perlman",
        "loanRepaymentSum": "$0.00",
        "allocatedDivSum": "$175.60",
        "totalPremiumSum": "$175.60",
        "ltc1035Sum": "$0.00",
        "paymentSum": "$0.00"
    }],
    "annuityCurrentValue": null,
    "isAnnuityTaxQualified": false,
    "valueAsOfDate": null,
    "pendingPayment": {
        "paymentDate": null,
        "paymentAmount": null,
        "confirmationNumber": null,
        "nmcPendingPayment": false,
        "maskedBankAccountNumber": null,
        "bankAccountType": null
    },
    "isRecurringISA": false,
    "paymentStatus": 2,
    "isLoanOnly": false,
    "totalLoan": 0.0,
    "shortageAmountDue": 0.00,
    "calculatedPremium": "$0.00",
    "nextBillAmount": "$0.00",
    "totalLtc1035": 0.0,
    "totalDiv": 175.6,
    "totalPremium": 175.6,
    "isaUrl": "/billing/xxx0815"
}, {
    "cardType": "PremiumPaidBy1035",
    "frequency": "annual",
    "isaNumber": "xxx0815",
    "dueDate": "05/30/2016",
    "dueDateAsDate": "2016-05-30T00:00:00",
    "isAnnuity": false,
    "amountDue": "$0.00",
    "serviceCharge": "$0.00",
    "additionalPayment": "$0.00",
    "insuredList": [{
        "productList": [{
            "subjectNum": "xxx5086",
            "totalPremium": "$175.60",
            "loanRepayment": "--",
            "allocatedDiv": "$175.60",
            "productType": null,
            "freqPremium": "$175.60",
            "ltc1035Payment": "N/A",
            "payment": "$0.00",
            "productDetailUrl": "/InsuranceDetail?subjectNum=xxx5086",
            "isOwnerAndRestricted": false,
            "isOwnerAndNotRestricted": true,
            "isNotOwner": false,
            "annuityCurrentValue": null,
            "valueAsOfDate": "09/30/2015",
            "isAnnuityTaxQualified": false
        }],
        "baseLegalEntityID": 7563416,
        "name": "Jennifer C Rood / Harvey Perlman",
        "loanRepaymentSum": "$0.00",
        "allocatedDivSum": "$175.60",
        "totalPremiumSum": "$175.60",
        "ltc1035Sum": "$0.00",
        "paymentSum": "$0.00"
    }],
    "annuityCurrentValue": null,
    "isAnnuityTaxQualified": false,
    "valueAsOfDate": null,
    "pendingPayment": {
        "paymentDate": null,
        "paymentAmount": null,
        "confirmationNumber": null,
        "nmcPendingPayment": false,
        "maskedBankAccountNumber": null,
        "bankAccountType": null
    },
    "isRecurringISA": false,
    "paymentStatus": 2,
    "isLoanOnly": false,
    "totalLoan": 0.0,
    "shortageAmountDue": 0.00,
    "calculatedPremium": "$0.00",
    "nextBillAmount": "$0.00",
    "totalLtc1035": 0.0,
    "totalDiv": 175.6,
    "totalPremium": 175.6,
    "isaUrl": "/billing/xxx0815"
}, {
    "cardType": "PremiumPaidByDivAnd1035",
    "frequency": "annual",
    "isaNumber": "xxx0815",
    "dueDate": "05/30/2016",
    "dueDateAsDate": "2016-05-30T00:00:00",
    "isAnnuity": false,
    "amountDue": "$0.00",
    "serviceCharge": "$0.00",
    "additionalPayment": "$0.00",
    "insuredList": [{
        "productList": [{
            "subjectNum": "xxx5086",
            "totalPremium": "$175.60",
            "loanRepayment": "--",
            "allocatedDiv": "$175.60",
            "productType": null,
            "freqPremium": "$175.60",
            "ltc1035Payment": "N/A",
            "payment": "$0.00",
            "productDetailUrl": "/InsuranceDetail?subjectNum=xxx5086",
            "isOwnerAndRestricted": false,
            "isOwnerAndNotRestricted": true,
            "isNotOwner": false,
            "annuityCurrentValue": null,
            "valueAsOfDate": "09/30/2015",
            "isAnnuityTaxQualified": false
        }],
        "baseLegalEntityID": 7563416,
        "name": "Jennifer C Rood / Harvey Perlman",
        "loanRepaymentSum": "$0.00",
        "allocatedDivSum": "$175.60",
        "totalPremiumSum": "$175.60",
        "ltc1035Sum": "$0.00",
        "paymentSum": "$0.00"
    }],
    "annuityCurrentValue": null,
    "isAnnuityTaxQualified": false,
    "valueAsOfDate": null,
    "pendingPayment": {
        "paymentDate": null,
        "paymentAmount": null,
        "confirmationNumber": null,
        "nmcPendingPayment": false,
        "maskedBankAccountNumber": null,
        "bankAccountType": null
    },
    "isRecurringISA": false,
    "paymentStatus": 2,
    "isLoanOnly": false,
    "totalLoan": 0.0,
    "shortageAmountDue": 0.00,
    "calculatedPremium": "$0.00",
    "nextBillAmount": "$0.00",
    "totalLtc1035": 0.0,
    "totalDiv": 175.6,
    "totalPremium": 175.6,
    "isaUrl": "/billing/xxx0815"
}, {
    "cardType": "LoanPaidOff",
    "frequency": "monthly",
    "isaNumber": "xxx7277",
    "dueDate": "08/13/2013",
    "dueDateAsDate": "2013-08-13T00:00:00",
    "isAnnuity": false,
    "amountDue": "$100.00",
    "serviceCharge": "$0.00",
    "additionalPayment": "$0.00",
    "insuredList": [{
        "productList": [{
            "subjectNum": "xxxx9691",
            "totalPremium": "$100.00",
            "loanRepayment": "--",
            "allocatedDiv": "--",
            "productType": "VARIABLE COMPLIFE",
            "freqPremium": "$100.00",
            "ltc1035Payment": "N/A",
            "payment": "$100.00",
            "productDetailUrl": "/InsuranceDetail?subjectNum=xxxx9691",
            "isOwnerAndRestricted": false,
            "isOwnerAndNotRestricted": true,
            "isNotOwner": false,
            "annuityCurrentValue": "$20,900.61",
            "valueAsOfDate": "06/26/2014",
            "isAnnuityTaxQualified": false
        }],
        "baseLegalEntityID": 10870239,
        "name": "Jeffrey D Jillson",
        "loanRepaymentSum": "$0.00",
        "allocatedDivSum": "$0.00",
        "totalPremiumSum": "$100.00",
        "ltc1035Sum": "$0.00",
        "paymentSum": "$100.00"
    }],
    "annuityCurrentValue": null,
    "isAnnuityTaxQualified": false,
    "valueAsOfDate": null,
    "pendingPayment": {
        "paymentDate": null,
        "paymentAmount": null,
        "confirmationNumber": null,
        "nmcPendingPayment": false,
        "maskedBankAccountNumber": null,
        "bankAccountType": null
    },
    "isRecurringISA": false,
    "paymentStatus": 2,
    "isLoanOnly": true,
    "totalLoan": 0.0,
    "shortageAmountDue": 0.00,
    "calculatedPremium": "$100.00",
    "nextBillAmount": "$100.00",
    "totalLtc1035": 0.0,
    "totalDiv": 0.0,
    "totalPremium": 100.0,
    "isaUrl": "/billing/xxx7277"
}, {
    "cardType": "PremiumFrozen",
    "frequency": "monthly",
    "isaNumber": "xxx6301",
    "dueDate": "06/15/2016",
    "dueDateAsDate": "2016-06-15T00:00:00",
    "isAnnuity": false,
    "amountDue": "$126.99",
    "serviceCharge": "$1.00",
    "additionalPayment": "$0.00",
    "insuredList": [{
        "productList": [{
            "subjectNum": "xxx1209",
            "totalPremium": "$25.99",
            "loanRepayment": "$100.00",
            "allocatedDiv": "--",
            "productType": "Whole Life",
            "freqPremium": "$25.99",
            "ltc1035Payment": "N/A",
            "payment": "$125.99",
            "productDetailUrl": "/InsuranceDetail?subjectNum=xxx1209",
            "isOwnerAndRestricted": false,
            "isOwnerAndNotRestricted": false,
            "isNotOwner": true,
            "annuityCurrentValue": null,
            "valueAsOfDate": "",
            "isAnnuityTaxQualified": false
        }],
        "baseLegalEntityID": 13670678,
        "name": "Edward D Fender",
        "loanRepaymentSum": "$100.00",
        "allocatedDivSum": "$0.00",
        "totalPremiumSum": "$25.99",
        "ltc1035Sum": "$0.00",
        "paymentSum": "$125.99"
    }],
    "annuityCurrentValue": null,
    "isAnnuityTaxQualified": false,
    "valueAsOfDate": null,
    "pendingPayment": {
        "paymentDate": null,
        "paymentAmount": null,
        "confirmationNumber": null,
        "nmcPendingPayment": false,
        "maskedBankAccountNumber": null,
        "bankAccountType": null
    },
    "isRecurringISA": false,
    "paymentStatus": 2,
    "isLoanOnly": false,
    "totalLoan": 100.0,
    "shortageAmountDue": 0.00,
    "calculatedPremium": "$126.99",
    "nextBillAmount": "$126.99",
    "totalLtc1035": 0.0,
    "totalDiv": 0.0,
    "totalPremium": 25.99,
    "isaUrl": "/billing/xxx6301"
}, {
    "cardType": "LoanOnlyFrozen",
    "frequency": "quarterly",
    "isaNumber": "xxx9415",
    "dueDate": "06/07/2016",
    "dueDateAsDate": "2016-06-07T00:00:00",
    "isAnnuity": false,
    "amountDue": "$450.00",
    "serviceCharge": "$0.00",
    "additionalPayment": "$0.00",
    "insuredList": [{
        "productList": [{
            "subjectNum": "xxxx3327",
            "totalPremium": "$0.00",
            "loanRepayment": "$450.00",
            "allocatedDiv": "--",
            "productType": "Whole Life",
            "freqPremium": "--",
            "ltc1035Payment": "N/A",
            "payment": "$450.00",
            "productDetailUrl": "/InsuranceDetail?subjectNum=xxxx3327",
            "isOwnerAndRestricted": false,
            "isOwnerAndNotRestricted": true,
            "isNotOwner": false,
            "annuityCurrentValue": null,
            "valueAsOfDate": "09/30/2015",
            "isAnnuityTaxQualified": false
        }],
        "baseLegalEntityID": 14590456,
        "name": "Dan K Reid",
        "loanRepaymentSum": "$450.00",
        "allocatedDivSum": "$0.00",
        "totalPremiumSum": "$0.00",
        "ltc1035Sum": "$0.00",
        "paymentSum": "$450.00"
    }],
    "annuityCurrentValue": null,
    "isAnnuityTaxQualified": false,
    "valueAsOfDate": null,
    "pendingPayment": {
        "paymentDate": null,
        "paymentAmount": null,
        "confirmationNumber": null,
        "nmcPendingPayment": false,
        "maskedBankAccountNumber": null,
        "bankAccountType": null
    },
    "isRecurringISA": false,
    "paymentStatus": 6,
    "isLoanOnly": true,
    "totalLoan": 450.0,
    "shortageAmountDue": 0.00,
    "calculatedPremium": "$450.00",
    "nextBillAmount": "$450.00",
    "totalLtc1035": 0.0,
    "totalDiv": 0.0,
    "totalPremium": 0.0,
    "isaUrl": "/billing/xxx9415"
}, {
    "cardType": "AnnuityFrozen",
    "frequency": "monthly",
    "isaNumber": "xxx3417",
    "dueDate": "12/07/2012",
    "dueDateAsDate": "2012-12-07T00:00:00",
    "isAnnuity": true,
    "amountDue": "$333.33",
    "serviceCharge": "$0.00",
    "additionalPayment": "$0.00",
    "insuredList": [{
        "productList": [{
            "subjectNum": "xxxx8824",
            "totalPremium": "$60.23",
            "loanRepayment": "--",
            "allocatedDiv": "$9.52",
            "productType": "Disability Income",
            "freqPremium": "$60.23",
            "ltc1035Payment": "N/A",
            "payment": "$50.71",
            "productDetailUrl": "/InsuranceDetail?subjectNum=xxxx8824",
            "isOwnerAndRestricted": false,
            "isOwnerAndNotRestricted": false,
            "isNotOwner": true,
            "annuityCurrentValue": null,
            "valueAsOfDate": "",
            "isAnnuityTaxQualified": false
        }],
        "baseLegalEntityID": 6801077,
        "name": "Amy M Wubker / Carolyn B Mehlomakulu",
        "loanRepaymentSum": "$0.00",
        "allocatedDivSum": "$9.52",
        "totalPremiumSum": "$60.23",
        "ltc1035Sum": "$0.00",
        "paymentSum": "$50.71"
    }],
    "annuityCurrentValue": null,
    "isAnnuityTaxQualified": false,
    "valueAsOfDate": null,
    "pendingPayment": {
        "paymentDate": null,
        "paymentAmount": null,
        "confirmationNumber": null,
        "nmcPendingPayment": false,
        "maskedBankAccountNumber": null,
        "bankAccountType": null
    },
    "isRecurringISA": false,
    "paymentStatus": 6,
    "isLoanOnly": false,
    "totalLoan": 0.0,
    "shortageAmountDue": 0.00,
    "calculatedPremium": "$333.33",
    "nextBillAmount": "$0.00",
    "totalLtc1035": 0.0,
    "totalDiv": 0.0,
    "totalPremium": 0.0,
    "isaUrl": "/billing/xxx3417"
}]
