[{
    "cardType": "LoanPaidOff",
    "frequency": "monthly",
    "isaNumber": "xxx7277",
    "dueDate": "08/13/2013",
    "dueDateAsDate": "2013-08-13T00:00:00",
    "isAnnuity": false,
    "amountDue": "$100.00",
    "serviceCharge": "$0.00",
    "additionalPayment": "$0.00",
    "insuredList": [{
        "productList": [{
            "subjectNum": "xxxx9691",
            "totalPremium": "$100.00",
            "loanRepayment": "--",
            "allocatedDiv": "--",
            "productType": "VARIABLE COMPLIFE",
            "freqPremium": "$100.00",
            "ltc1035Payment": "N/A",
            "payment": "$100.00",
            "productDetailUrl": "/InsuranceDetail?subjectNum=xxxx9691",
            "isOwnerAndRestricted": false,
            "isOwnerAndNotRestricted": true,
            "isNotOwner": false,
            "annuityCurrentValue": "$20,900.61",
            "valueAsOfDate": "06/26/2014",
            "isAnnuityTaxQualified": false
        }],
        "baseLegalEntityID": 10870239,
        "name": "Jeffrey D Jillson",
        "loanRepaymentSum": "$0.00",
        "allocatedDivSum": "$0.00",
        "totalPremiumSum": "$100.00",
        "ltc1035Sum": "$0.00",
        "paymentSum": "$100.00"
    }],
    "annuityCurrentValue": null,
    "isAnnuityTaxQualified": false,
    "valueAsOfDate": null,
    "pendingPayment": {
        "paymentDate": null,
        "paymentAmount": null,
        "confirmationNumber": null,
        "nmcPendingPayment": false,
        "maskedBankAccountNumber": null,
        "bankAccountType": null
    },
    "isRecurringISA": false,
    "paymentStatus": 2,
    "isLoanOnly": true,
    "totalLoan": 0.0,
    "shortageAmountDue": 0.00,
    "calculatedPremium": "$100.00",
    "nextBillAmount": "$100.00",
    "totalLtc1035": 0.0,
    "totalDiv": 0.0,
    "totalPremium": 100.0,
    "isaUrl": "/billing/xxx7277"
}, {
    "cardType": "PremiumDirectDue",
    "frequency": "monthly",
    "isaNumber": "xxx1319",
    "dueDate": "11/19/2014",
    "dueDateAsDate": "2014-11-19T00:00:00",
    "isAnnuity": false,
    "amountDue": "$9,841.34",
    "serviceCharge": "$1.00",
    "additionalPayment": "$0.00",
    "insuredList": [{
        "productList": [{
            "subjectNum": "xxxx4667",
            "totalPremium": "$913.49",
            "loanRepayment": "--",
            "allocatedDiv": "--",
            "productType": "ADJUSTABLE COMPLIFE",
            "freqPremium": "$913.49",
            "ltc1035Payment": "N/A",
            "payment": "$913.49",
            "productDetailUrl": "/InsuranceDetail?subjectNum=xxxx4667",
            "isOwnerAndRestricted": false,
            "isOwnerAndNotRestricted": true,
            "isNotOwner": false,
            "annuityCurrentValue": null,
            "valueAsOfDate": "06/26/2014",
            "isAnnuityTaxQualified": false
        }],
        "baseLegalEntityID": 6874596,
        "name": "Ernest H Flint IV",
        "loanRepaymentSum": "$0.00",
        "allocatedDivSum": "$0.00",
        "totalPremiumSum": "$913.49",
        "ltc1035Sum": "$0.00",
        "paymentSum": "$913.49"
    }, {
        "productList": [{
            "subjectNum": "xxxx5623",
            "totalPremium": "$2,809.52",
            "loanRepayment": "--",
            "allocatedDiv": "--",
            "productType": "ADJUSTABLE COMPLIFE",
            "freqPremium": "$2,809.52",
            "ltc1035Payment": "N/A",
            "payment": "$2,809.52",
            "productDetailUrl": "/InsuranceDetail?subjectNum=xxxx5623",
            "isOwnerAndRestricted": false,
            "isOwnerAndNotRestricted": true,
            "isNotOwner": false,
            "annuityCurrentValue": null,
            "valueAsOfDate": "06/26/2014",
            "isAnnuityTaxQualified": false
        }],
        "baseLegalEntityID": 6953908,
        "name": "John W Hodgson",
        "loanRepaymentSum": "$0.00",
        "allocatedDivSum": "$0.00",
        "totalPremiumSum": "$2,809.52",
        "ltc1035Sum": "$0.00",
        "paymentSum": "$2,809.52"
    }],
    "annuityCurrentValue": null,
    "isAnnuityTaxQualified": false,
    "valueAsOfDate": null,
    "pendingPayment": {
        "paymentDate": null,
        "paymentAmount": null,
        "confirmationNumber": null,
        "nmcPendingPayment": false,
        "maskedBankAccountNumber": null,
        "bankAccountType": null
    },
    "isRecurringISA": false,
    "paymentStatus": 2,
    "isLoanOnly": false,
    "totalLoan": 0.0,
    "shortageAmountDue": 0.00,
    "calculatedPremium": "$9,841.34",
    "nextBillAmount": "$3,723.01",
    "totalLtc1035": 0.0,
    "totalDiv": 0.0,
    "totalPremium": 3723.01,
    "isaUrl": "/billing/xxx1319"
}, {
    "cardType": "LoanRecurring",
    "frequency": "annual",
    "isaNumber": "xxx2977",
    "dueDate": "11/01/2015",
    "dueDateAsDate": "2015-11-01T00:00:00",
    "isAnnuity": false,
    "amountDue": "$750.00",
    "serviceCharge": "$0.00",
    "additionalPayment": "$0.00",
    "insuredList": [{
        "productList": [{
            "subjectNum": "xxx0694",
            "totalPremium": "$0.00",
            "loanRepayment": "--",
            "allocatedDiv": "--",
            "productType": "PAID UP LIFE",
            "freqPremium": "--",
            "ltc1035Payment": "N/A",
            "payment": "$0.00",
            "productDetailUrl": "/InsuranceDetail?subjectNum=xxx0694",
            "isOwnerAndRestricted": false,
            "isOwnerAndNotRestricted": true,
            "isNotOwner": false,
            "annuityCurrentValue": null,
            "valueAsOfDate": "06/26/2014",
            "isAnnuityTaxQualified": false
        }, {
            "subjectNum": "xxx2577",
            "totalPremium": "$0.00",
            "loanRepayment": "$150.00",
            "allocatedDiv": "--",
            "productType": "PAID UP LIFE-3.5% RES",
            "freqPremium": "--",
            "ltc1035Payment": "N/A",
            "payment": "$150.00",
            "productDetailUrl": "/InsuranceDetail?subjectNum=xxx2577",
            "isOwnerAndRestricted": false,
            "isOwnerAndNotRestricted": true,
            "isNotOwner": false,
            "annuityCurrentValue": null,
            "valueAsOfDate": "06/26/2014",
            "isAnnuityTaxQualified": false
        }, {
            "subjectNum": "xxx9688",
            "totalPremium": "$0.00",
            "loanRepayment": "$150.00",
            "allocatedDiv": "--",
            "productType": "PAID UP LIFE-3.5% RES",
            "freqPremium": "--",
            "ltc1035Payment": "N/A",
            "payment": "$150.00",
            "productDetailUrl": "/InsuranceDetail?subjectNum=xxx9688",
            "isOwnerAndRestricted": false,
            "isOwnerAndNotRestricted": true,
            "isNotOwner": false,
            "annuityCurrentValue": null,
            "valueAsOfDate": "06/26/2014",
            "isAnnuityTaxQualified": false
        }, {
            "subjectNum": "xxx1197",
            "totalPremium": "$0.00",
            "loanRepayment": "$150.00",
            "allocatedDiv": "--",
            "productType": "PAID UP LF-FORMER EOL",
            "freqPremium": "--",
            "ltc1035Payment": "N/A",
            "payment": "$150.00",
            "productDetailUrl": "/InsuranceDetail?subjectNum=xxx1197",
            "isOwnerAndRestricted": false,
            "isOwnerAndNotRestricted": true,
            "isNotOwner": false,
            "annuityCurrentValue": null,
            "valueAsOfDate": "06/26/2014",
            "isAnnuityTaxQualified": false
        }, {
            "subjectNum": "xxx1111",
            "totalPremium": "$0.00",
            "loanRepayment": "$150.00",
            "allocatedDiv": "--",
            "productType": "PAID UP LF-FORMER EOL",
            "freqPremium": "--",
            "ltc1035Payment": "N/A",
            "payment": "$150.00",
            "productDetailUrl": "/InsuranceDetail?subjectNum=xxx1111",
            "isOwnerAndRestricted": false,
            "isOwnerAndNotRestricted": true,
            "isNotOwner": false,
            "annuityCurrentValue": null,
            "valueAsOfDate": "06/26/2014",
            "isAnnuityTaxQualified": false
        }, {
            "subjectNum": "xxx7914",
            "totalPremium": "$0.00",
            "loanRepayment": "$150.00",
            "allocatedDiv": "--",
            "productType": "PAID UP LIFE",
            "freqPremium": "--",
            "ltc1035Payment": "N/A",
            "payment": "$150.00",
            "productDetailUrl": "/InsuranceDetail?subjectNum=xxx7914",
            "isOwnerAndRestricted": false,
            "isOwnerAndNotRestricted": true,
            "isNotOwner": false,
            "annuityCurrentValue": null,
            "valueAsOfDate": "06/26/2014",
            "isAnnuityTaxQualified": false
        }],
        "baseLegalEntityID": 7640338,
        "name": "Thomas A Henry Jr",
        "loanRepaymentSum": "$750.00",
        "allocatedDivSum": "$0.00",
        "totalPremiumSum": "$0.00",
        "ltc1035Sum": "$0.00",
        "paymentSum": "$750.00"
    }],
    "annuityCurrentValue": null,
    "isAnnuityTaxQualified": false,
    "valueAsOfDate": null,
    "pendingPayment": {
        "paymentDate": null,
        "paymentAmount": null,
        "confirmationNumber": null,
        "nmcPendingPayment": false,
        "maskedBankAccountNumber": null,
        "bankAccountType": null
    },
    "isRecurringISA": true,
    "paymentStatus": 4,
    "isLoanOnly": true,
    "totalLoan": 750.0,
    "shortageAmountDue": 0.00,
    "calculatedPremium": "$750.00",
    "nextBillAmount": "$750.00",
    "totalLtc1035": 0.0,
    "totalDiv": 0.0,
    "totalPremium": 0.0,
    "isaUrl": "/billing/xxx2977"
}]
