[{
    "cardType": "ScheduledPayment",
    "frequency": "quarterly",
    "isaNumber": "xxx5343",
    "dueDate": "11/20/2016",
    "dueDateAsDate": "2016-11-20T00:00:00",
    "isAnnuity": false,
    "amountDue": "$1,259.12",
    "billedAmount": "$1,659.12",
    "pastDueAmount": "$400.00",
    "serviceCharge": "$0.00",
    "additionalPayment": "$0.00",
    "isaTotal": "$1,259.12",
    "insuredList": [{
        "productList": [{
            "subjectNum": "xxxx2940",
            "totalPremium": "$569.91",
            "loanRepayment": "--",
            "allocatedDiv": "--",
            "productType": "65 LIFE",
            "freqPremium": "$569.91",
            "ltc1035Payment": null,
            "payment": "$569.91",
            "productDetailUrl": null,
            "isOwnerAndRestricted": false,
            "isOwnerAndNotRestricted": true,
            "isNotOwner": false,
            "annuityCurrentValue": null,
            "valueAsOfDate": null,
            "isAnnuityTaxQualified": false
        }, {
            "subjectNum": "xxxx4410",
            "totalPremium": "$112.57",
            "loanRepayment": "--",
            "allocatedDiv": "--",
            "productType": "65 LIFE",
            "freqPremium": "$112.57",
            "ltc1035Payment": null,
            "payment": "$112.57",
            "productDetailUrl": null,
            "isOwnerAndRestricted": false,
            "isOwnerAndNotRestricted": true,
            "isNotOwner": false,
            "annuityCurrentValue": null,
            "valueAsOfDate": null,
            "isAnnuityTaxQualified": false
        }, {
            "subjectNum": "xxxx4434",
            "totalPremium": "$616.18",
            "loanRepayment": "--",
            "allocatedDiv": "$402.80",
            "productType": "DIS INC",
            "freqPremium": "$616.18",
            "ltc1035Payment": null,
            "payment": "$213.38",
            "productDetailUrl": null,
            "isOwnerAndRestricted": false,
            "isOwnerAndNotRestricted": true,
            "isNotOwner": false,
            "annuityCurrentValue": null,
            "valueAsOfDate": null,
            "isAnnuityTaxQualified": false
        }],
        "baseLegalEntityID": 3599452,
        "name": "Baynard B Anderson Jr",
        "loanRepaymentSum": "$0.00",
        "allocatedDivSum": null,
        "totalPremiumSum": "$1,298.66",
        "ltc1035Sum": null,
        "paymentSum": "$895.86"
    }, {
        "productList": [{
            "subjectNum": "xxxx4398",
            "totalPremium": "$185.24",
            "loanRepayment": "--",
            "allocatedDiv": "--",
            "productType": "65 LIFE",
            "freqPremium": "$185.24",
            "ltc1035Payment": null,
            "payment": "$185.24",
            "productDetailUrl": null,
            "isOwnerAndRestricted": false,
            "isOwnerAndNotRestricted": true,
            "isNotOwner": false,
            "annuityCurrentValue": null,
            "valueAsOfDate": null,
            "isAnnuityTaxQualified": false
        }, {
            "subjectNum": "xxxx7120",
            "totalPremium": "$178.02",
            "loanRepayment": "--",
            "allocatedDiv": "--",
            "productType": "65 LIFE",
            "freqPremium": "$178.02",
            "ltc1035Payment": null,
            "payment": "$178.02",
            "productDetailUrl": null,
            "isOwnerAndRestricted": false,
            "isOwnerAndNotRestricted": true,
            "isNotOwner": false,
            "annuityCurrentValue": null,
            "valueAsOfDate": null,
            "isAnnuityTaxQualified": false
        }],
        "baseLegalEntityID": 3591586,
        "name": "Kim M Anderson",
        "loanRepaymentSum": "$0.00",
        "allocatedDivSum": null,
        "totalPremiumSum": "$363.26",
        "ltc1035Sum": null,
        "paymentSum": "$363.26"
    }],
    "annuityCurrentValue": null,
    "isAnnuityTaxQualified": false,
    "valueAsOfDate": null,
    "pendingPayment": {
        "paymentDate": "11/21/2016",
        "paymentAmount": "$1,259.12",
        "confirmationNumber": "C1D1A1255C0AF29934",
        "nmcPendingPayment": true,
        "maskedBankAccountNumber": "******3386",
        "bankAccountType": "Checking",
        "bankName": "",
        "isLoanPayment": false
    },
    "isRecurringISA": false,
    "paymentStatus": 5,
    "isLoanOnly": false,
    "loanPayOffAmount": "0.00",
    "totalLoan": 0.0,
    "totalLtc1035": 0.0,
    "totalDiv": 402.8,
    "totalPremium": 1661.92,
    "shortageAmountDue": "$0.00",
    "calculatedPremium": "$1,259.12",
    "isaUrl": "/billing?isa=xxx5343",
    "showMonthlyPastDue": false,
    "isPendingPayment": true,
    "isPendingSetupEft": false,
    "isPendingFrequencyChange": false,
    "isPendingRecurringToDirect": false,
    "isPendingChangeBank": false,
    "pendingFrequencyModel": null,
    "onlinePaymentIneligible": false,
    "isHoCaseLock": false,
    "showLoanPayment": false
}, {
    "cardType": "PremiumRecurring",
    "frequency": "semi-annual",
    "isaNumber": "xxx3799",
    "dueDate": "02/18/2017",
    "dueDateAsDate": "2017-02-18T00:00:00",
    "isAnnuity": false,
    "amountDue": "$0.00",
    "billedAmount": "$642.92",
    "pastDueAmount": "$642.92",
    "serviceCharge": "$0.00",
    "additionalPayment": "$0.00",
    "isaTotal": "$642.92",
    "insuredList": [{
        "productList": [{
            "subjectNum": "xxxx1841",
            "totalPremium": "$323.70",
            "loanRepayment": "--",
            "allocatedDiv": "--",
            "productType": "65 LIFE",
            "freqPremium": "$323.70",
            "ltc1035Payment": null,
            "payment": "$323.70",
            "productDetailUrl": null,
            "isOwnerAndRestricted": false,
            "isOwnerAndNotRestricted": true,
            "isNotOwner": false,
            "annuityCurrentValue": null,
            "valueAsOfDate": null,
            "isAnnuityTaxQualified": false
        }],
        "baseLegalEntityID": 67963258,
        "name": "Brenden B Anderson",
        "loanRepaymentSum": "$0.00",
        "allocatedDivSum": null,
        "totalPremiumSum": "$323.70",
        "ltc1035Sum": null,
        "paymentSum": "$323.70"
    }, {
        "productList": [{
            "subjectNum": "xxxx9835",
            "totalPremium": "$319.22",
            "loanRepayment": "--",
            "allocatedDiv": "--",
            "productType": "65 LIFE",
            "freqPremium": "$319.22",
            "ltc1035Payment": null,
            "payment": "$319.22",
            "productDetailUrl": null,
            "isOwnerAndRestricted": false,
            "isOwnerAndNotRestricted": false,
            "isNotOwner": true,
            "annuityCurrentValue": null,
            "valueAsOfDate": null,
            "isAnnuityTaxQualified": false
        }],
        "baseLegalEntityID": 67976455,
        "name": "Melissa K Anderson",
        "loanRepaymentSum": "$0.00",
        "allocatedDivSum": null,
        "totalPremiumSum": "$319.22",
        "ltc1035Sum": null,
        "paymentSum": "$319.22"
    }],
    "annuityCurrentValue": null,
    "isAnnuityTaxQualified": false,
    "valueAsOfDate": null,
    "pendingPayment": {
        "paymentDate": null,
        "paymentAmount": null,
        "confirmationNumber": null,
        "nmcPendingPayment": false,
        "maskedBankAccountNumber": null,
        "bankAccountType": null,
        "bankName": null,
        "isLoanPayment": false
    },
    "isRecurringISA": true,
    "paymentStatus": 1,
    "isLoanOnly": false,
    "loanPayOffAmount": "0.00",
    "totalLoan": 0.0,
    "totalLtc1035": 0.0,
    "totalDiv": 0.0,
    "totalPremium": 642.9200000000001,
    "shortageAmountDue": "$0.00",
    "calculatedPremium": "$0.00",
    "isaUrl": "/billing?isa=xxx3799",
    "showMonthlyPastDue": false,
    "isPendingPayment": false,
    "isPendingSetupEft": false,
    "isPendingFrequencyChange": false,
    "isPendingRecurringToDirect": false,
    "isPendingChangeBank": false,
    "pendingFrequencyModel": null,
    "onlinePaymentIneligible": false,
    "isHoCaseLock": false,
    "showLoanPayment": false
}, {
    "cardType": "PremiumDirectOutOfWindow",
    "frequency": "annual",
    "isaNumber": "xxx5089",
    "dueDate": "06/20/2017",
    "dueDateAsDate": "2017-06-20T00:00:00",
    "isAnnuity": false,
    "amountDue": "$0.00",
    "billedAmount": "$2,563.62",
    "pastDueAmount": "$2,563.62",
    "serviceCharge": "$0.00",
    "additionalPayment": "$0.00",
    "isaTotal": "$2,563.62",
    "insuredList": [{
        "productList": [{
            "subjectNum": "xxxx5604",
            "totalPremium": "$2,563.62",
            "loanRepayment": "--",
            "allocatedDiv": "--",
            "productType": "65 LIFE",
            "freqPremium": "$2,563.62",
            "ltc1035Payment": null,
            "payment": "$2,563.62",
            "productDetailUrl": null,
            "isOwnerAndRestricted": false,
            "isOwnerAndNotRestricted": true,
            "isNotOwner": false,
            "annuityCurrentValue": null,
            "valueAsOfDate": null,
            "isAnnuityTaxQualified": false
        }],
        "baseLegalEntityID": 3599452,
        "name": "Baynard B Anderson Jr",
        "loanRepaymentSum": "$0.00",
        "allocatedDivSum": null,
        "totalPremiumSum": "$2,563.62",
        "ltc1035Sum": null,
        "paymentSum": "$2,563.62"
    }],
    "annuityCurrentValue": null,
    "isAnnuityTaxQualified": false,
    "valueAsOfDate": null,
    "pendingPayment": {
        "paymentDate": null,
        "paymentAmount": null,
        "confirmationNumber": null,
        "nmcPendingPayment": false,
        "maskedBankAccountNumber": null,
        "bankAccountType": null,
        "bankName": null,
        "isLoanPayment": false
    },
    "isRecurringISA": false,
    "paymentStatus": 1,
    "isLoanOnly": false,
    "loanPayOffAmount": "0.00",
    "totalLoan": 0.0,
    "totalLtc1035": 0.0,
    "totalDiv": 0.0,
    "totalPremium": 2563.62,
    "shortageAmountDue": "$0.00",
    "calculatedPremium": "$0.00",
    "isaUrl": "/billing?isa=xxx5089",
    "showMonthlyPastDue": false,
    "isPendingPayment": false,
    "isPendingSetupEft": false,
    "isPendingFrequencyChange": false,
    "isPendingRecurringToDirect": false,
    "isPendingChangeBank": false,
    "pendingFrequencyModel": null,
    "onlinePaymentIneligible": false,
    "isHoCaseLock": false,
    "showLoanPayment": false
}, {
    "cardType": "PremiumPaidMisc",
    "frequency": "annual",
    "isaNumber": "xxx6454",
    "dueDate": "11/04/2017",
    "dueDateAsDate": "2017-11-04T00:00:00",
    "isAnnuity": false,
    "amountDue": "$0.00",
    "billedAmount": "$0.00",
    "pastDueAmount": "$0.00",
    "serviceCharge": "$0.00",
    "additionalPayment": "$0.00",
    "isaTotal": "$4,762.24",
    "insuredList": [{
        "productList": [{
            "subjectNum": "xxxx9598",
            "totalPremium": "$1,856.96",
            "loanRepayment": "--",
            "allocatedDiv": "--",
            "productType": "Long Term Care",
            "freqPremium": "$1,856.96",
            "ltc1035Payment": null,
            "payment": "$1,856.96",
            "productDetailUrl": null,
            "isOwnerAndRestricted": false,
            "isOwnerAndNotRestricted": false,
            "isNotOwner": true,
            "annuityCurrentValue": null,
            "valueAsOfDate": null,
            "isAnnuityTaxQualified": false
        }],
        "baseLegalEntityID": 72527483,
        "name": "Baynard B Anderson Jr",
        "loanRepaymentSum": "$0.00",
        "allocatedDivSum": null,
        "totalPremiumSum": "$1,856.96",
        "ltc1035Sum": null,
        "paymentSum": "$1,856.96"
    }, {
        "productList": [{
            "subjectNum": "xxxx9597",
            "totalPremium": "$2,905.28",
            "loanRepayment": "--",
            "allocatedDiv": "--",
            "productType": "Long Term Care",
            "freqPremium": "$2,905.28",
            "ltc1035Payment": null,
            "payment": "$2,905.28",
            "productDetailUrl": null,
            "isOwnerAndRestricted": false,
            "isOwnerAndNotRestricted": false,
            "isNotOwner": true,
            "annuityCurrentValue": null,
            "valueAsOfDate": null,
            "isAnnuityTaxQualified": false
        }],
        "baseLegalEntityID": 3591586,
        "name": "Kim M Anderson",
        "loanRepaymentSum": "$0.00",
        "allocatedDivSum": null,
        "totalPremiumSum": "$2,905.28",
        "ltc1035Sum": null,
        "paymentSum": "$2,905.28"
    }],
    "annuityCurrentValue": null,
    "isAnnuityTaxQualified": false,
    "valueAsOfDate": null,
    "pendingPayment": {
        "paymentDate": null,
        "paymentAmount": null,
        "confirmationNumber": null,
        "nmcPendingPayment": false,
        "maskedBankAccountNumber": null,
        "bankAccountType": null,
        "bankName": null,
        "isLoanPayment": false
    },
    "isRecurringISA": true,
    "paymentStatus": 1,
    "isLoanOnly": false,
    "loanPayOffAmount": "0.00",
    "totalLoan": 0.0,
    "totalLtc1035": 0.0,
    "totalDiv": 0.0,
    "totalPremium": 4762.24,
    "shortageAmountDue": "$0.00",
    "calculatedPremium": "$0.00",
    "isaUrl": "/billing?isa=xxx6454",
    "showMonthlyPastDue": false,
    "isPendingPayment": false,
    "isPendingSetupEft": false,
    "isPendingFrequencyChange": false,
    "isPendingRecurringToDirect": false,
    "isPendingChangeBank": false,
    "pendingFrequencyModel": null,
    "onlinePaymentIneligible": false,
    "isHoCaseLock": false,
    "showLoanPayment": false
}]
