[{
    "cardType": "LoanDue",
    "frequency": "monthly",
    "isaNumber": "xxx6301",
    "dueDate": "06/15/2016",
    "dueDateAsDate": "2016-06-15T00:00:00",
    "isAnnuity": false,
    "amountDue": "$126.99",
    "serviceCharge": "$1.00",
    "additionalPayment": "$0.00",
    "insuredList": [{
        "productList": [{
            "subjectNum": "xxx1209",
            "totalPremium": "$25.99",
            "loanRepayment": "$100.00",
            "allocatedDiv": "--",
            "productType": "Whole Life",
            "freqPremium": "$25.99",
            "ltc1035Payment": "N/A",
            "payment": "$125.99",
            "productDetailUrl": "/InsuranceDetail?subjectNum=xxx1209",
            "isOwnerAndRestricted": false,
            "isOwnerAndNotRestricted": false,
            "isNotOwner": true,
            "annuityCurrentValue": null,
            "valueAsOfDate": "",
            "isAnnuityTaxQualified": false
        }],
        "baseLegalEntityID": 13670678,
        "name": "Edward D Fender",
        "loanRepaymentSum": "$100.00",
        "allocatedDivSum": "$0.00",
        "totalPremiumSum": "$25.99",
        "ltc1035Sum": "$0.00",
        "paymentSum": "$125.99"
    }],
    "annuityCurrentValue": null,
    "isAnnuityTaxQualified": false,
    "valueAsOfDate": null,
    "pendingPayment": {
        "paymentDate": null,
        "paymentAmount": null,
        "confirmationNumber": null,
        "nmcPendingPayment": false,
        "maskedBankAccountNumber": null,
        "bankAccountType": null
    },
    "isRecurringISA": false,
    "paymentStatus": 2,
    "isLoanOnly": false,
    "totalLoan": 100.0,
    "shortageAmountDue": 0.00,
    "calculatedPremium": "$126.99",
    "nextBillAmount": "$126.99",
    "totalLtc1035": 0.0,
    "totalDiv": 0.0,
    "totalPremium": 25.99,
    "isaUrl": "/billing/xxx6301"
}, {
    "cardType": "LoanOutOfWindow",
    "frequency": "quarterly",
    "isaNumber": "xxx9415",
    "dueDate": "06/07/2016",
    "dueDateAsDate": "2016-06-07T00:00:00",
    "isAnnuity": false,
    "amountDue": "$450.00",
    "serviceCharge": "$0.00",
    "additionalPayment": "$0.00",
    "insuredList": [{
        "productList": [{
            "subjectNum": "xxxx3327",
            "totalPremium": "$0.00",
            "loanRepayment": "$450.00",
            "allocatedDiv": "--",
            "productType": "Whole Life",
            "freqPremium": "--",
            "ltc1035Payment": "N/A",
            "payment": "$450.00",
            "productDetailUrl": "/InsuranceDetail?subjectNum=xxxx3327",
            "isOwnerAndRestricted": false,
            "isOwnerAndNotRestricted": true,
            "isNotOwner": false,
            "annuityCurrentValue": null,
            "valueAsOfDate": "09/30/2015",
            "isAnnuityTaxQualified": false
        }],
        "baseLegalEntityID": 14590456,
        "name": "Dan K Reid",
        "loanRepaymentSum": "$450.00",
        "allocatedDivSum": "$0.00",
        "totalPremiumSum": "$0.00",
        "ltc1035Sum": "$0.00",
        "paymentSum": "$450.00"
    }],
    "annuityCurrentValue": null,
    "isAnnuityTaxQualified": false,
    "valueAsOfDate": null,
    "pendingPayment": {
        "paymentDate": null,
        "paymentAmount": null,
        "confirmationNumber": null,
        "nmcPendingPayment": false,
        "maskedBankAccountNumber": null,
        "bankAccountType": null
    },
    "isRecurringISA": false,
    "paymentStatus": 6,
    "isLoanOnly": true,
    "totalLoan": 450.0,
    "shortageAmountDue": 0.00,
    "calculatedPremium": "$450.00",
    "nextBillAmount": "$450.00",
    "totalLtc1035": 0.0,
    "totalDiv": 0.0,
    "totalPremium": 0.0,
    "isaUrl": "/billing/xxx9415"
}, {
    "cardType": "LoanRecurring",
    "frequency": "annual",
    "isaNumber": "xxx0612",
    "dueDate": "09/18/2016",
    "dueDateAsDate": "2016-09-18T00:00:00",
    "isAnnuity": false,
    "amountDue": "$0.00",
    "serviceCharge": "$0.00",
    "additionalPayment": "$0.00",
    "insuredList": [{
        "productList": [{
            "subjectNum": "xxxx5196",
            "totalPremium": "$4,200.00",
            "loanRepayment": "--",
            "allocatedDiv": "--",
            "productType": "Whole Life",
            "freqPremium": "$4,200.00",
            "ltc1035Payment": "N/A",
            "payment": "$4,200.00",
            "productDetailUrl": "/InsuranceDetail?subjectNum=xxxx5196",
            "isOwnerAndRestricted": false,
            "isOwnerAndNotRestricted": true,
            "isNotOwner": false,
            "annuityCurrentValue": null,
            "valueAsOfDate": "09/30/2015",
            "isAnnuityTaxQualified": false
        }],
        "baseLegalEntityID": 14177645,
        "name": "Rosalind B Kinney",
        "loanRepaymentSum": "$0.00",
        "allocatedDivSum": "$0.00",
        "totalPremiumSum": "$4,200.00",
        "ltc1035Sum": "$0.00",
        "paymentSum": "$4,200.00"
    }],
    "annuityCurrentValue": null,
    "isAnnuityTaxQualified": false,
    "valueAsOfDate": null,
    "pendingPayment": {
        "paymentDate": null,
        "paymentAmount": null,
        "confirmationNumber": null,
        "nmcPendingPayment": false,
        "maskedBankAccountNumber": null,
        "bankAccountType": null
    },
    "isRecurringISA": true,
    "paymentStatus": 1,
    "isLoanOnly": false,
    "totalLoan": 0.0,
    "shortageAmountDue": 0.00,
    "calculatedPremium": "$0.00",
    "nextBillAmount": "$4,200.00",
    "totalLtc1035": 0.0,
    "totalDiv": 0.0,
    "totalPremium": 4200.0,
    "isaUrl": "/billing/xxx0612"
}, {
    "cardType": "LoanScheduledPayment",
    "frequency": "monthly",
    "isaNumber": "xxx8141",
    "dueDate": "07/01/2016",
    "dueDateAsDate": "2016-07-01T00:00:00",
    "isAnnuity": false,
    "amountDue": "$400.43",
    "serviceCharge": "$1.00",
    "additionalPayment": "$0.00",
    "insuredList": [{
        "productList": [{
            "subjectNum": "xxxx3426",
            "totalPremium": "$154.44",
            "loanRepayment": "$399.43",
            "allocatedDiv": "$154.44",
            "productType": "Whole Life",
            "freqPremium": "$154.44",
            "ltc1035Payment": "N/A",
            "payment": "$399.43",
            "productDetailUrl": "/InsuranceDetail?subjectNum=xxxx3426",
            "isOwnerAndRestricted": false,
            "isOwnerAndNotRestricted": true,
            "isNotOwner": false,
            "annuityCurrentValue": null,
            "valueAsOfDate": "09/30/2015",
            "isAnnuityTaxQualified": false
        }],
        "baseLegalEntityID": 14590413,
        "name": "Brian L Chalk",
        "loanRepaymentSum": "$399.43",
        "allocatedDivSum": "$154.44",
        "totalPremiumSum": "$154.44",
        "ltc1035Sum": "$0.00",
        "paymentSum": "$399.43"
    }],
    "annuityCurrentValue": null,
    "isAnnuityTaxQualified": false,
    "valueAsOfDate": null,
    "pendingPayment": {
        "paymentDate": "06/28/2016",
        "paymentAmount": "$400.43",
        "confirmationNumber": "C2D0F67AAFC4714F36",
        "nmcPendingPayment": true,
        "maskedBankAccountNumber": "******5391",
        "bankAccountType": "Checking"
    },
    "isRecurringISA": false,
    "paymentStatus": 5,
    "isLoanOnly": false,
    "totalLoan": 399.43,
    "shortageAmountDue": 0.00,
    "calculatedPremium": "$400.43",
    "nextBillAmount": "$400.43",
    "totalLtc1035": 0.0,
    "totalDiv": 154.44,
    "totalPremium": 154.44,
    "isaUrl": "/billing/xxx8141"
} ]
