[{
    "cardType": "LoanPaidOff",
    "frequency": "monthly",
    "isaNumber": "xxx7277",
    "dueDate": "08/13/2013",
    "dueDateAsDate": "2013-08-13T00:00:00",
    "isAnnuity": false,
    "amountDue": "$100.00",
    "serviceCharge": "$0.00",
    "additionalPayment": "$0.00",
    "insuredList": [{
        "productList": [{
            "subjectNum": "xxxx9691",
            "totalPremium": "$100.00",
            "loanRepayment": "--",
            "allocatedDiv": "--",
            "productType": "VARIABLE COMPLIFE",
            "freqPremium": "$100.00",
            "ltc1035Payment": "N/A",
            "payment": "$100.00",
            "productDetailUrl": "/InsuranceDetail?subjectNum=xxxx9691",
            "isOwnerAndRestricted": false,
            "isOwnerAndNotRestricted": true,
            "isNotOwner": false,
            "annuityCurrentValue": "$20,900.61",
            "valueAsOfDate": "06/26/2014",
            "isAnnuityTaxQualified": false
        }],
        "baseLegalEntityID": 10870239,
        "name": "Jeffrey D Jillson",
        "loanRepaymentSum": "$0.00",
        "allocatedDivSum": "$0.00",
        "totalPremiumSum": "$100.00",
        "ltc1035Sum": "$0.00",
        "paymentSum": "$100.00"
    }],
    "annuityCurrentValue": null,
    "isAnnuityTaxQualified": false,
    "valueAsOfDate": null,
    "pendingPayment": {
        "paymentDate": null,
        "paymentAmount": null,
        "confirmationNumber": null,
        "nmcPendingPayment": false,
        "maskedBankAccountNumber": null,
        "bankAccountType": null
    },
    "isRecurringISA": false,
    "paymentStatus": 2,
    "isLoanOnly": true,
    "totalLoan": 0.0,
    "shortageAmountDue": 0.00,
    "calculatedPremium": "$100.00",
    "nextBillAmount": "$100.00",
    "totalLtc1035": 0.0,
    "totalDiv": 0.0,
    "totalPremium": 100.0,
    "isaUrl": "/billing/xxx7277"
}]
