[
  {
    "cardType": "LoanOutOfWindow",
    "frequency": "quarterly",
    "isaNumber": "xxx9415",
    "dueDate": "06/07/2016",
    "dueDateAsDate": "2016-06-07T00:00:00",
    "isAnnuity": false,
    "amountDue": "$450.00",
    "serviceCharge": "$0.00",
    "additionalPayment": "$0.00",
    "insuredList": [
      {
        "productList": [
          {
            "subjectNum": "xxxx3327",
            "totalPremium": "$0.00",
            "loanRepayment": "$450.00",
            "allocatedDiv": "--",
            "productType": "Whole Life",
            "freqPremium": "--",
            "ltc1035Payment": "N/A",
            "payment": "$450.00",
            "productDetailUrl": "/InsuranceDetail?subjectNum=xxxx3327",
            "isOwnerAndRestricted": false,
            "isOwnerAndNotRestricted": true,
            "isNotOwner": false,
            "annuityCurrentValue": null,
            "valueAsOfDate": "09/30/2015",
            "isAnnuityTaxQualified": false
          }
        ],
        "baseLegalEntityID": 14590456,
        "name": "Dan K Reid",
        "loanRepaymentSum": "$450.00",
        "allocatedDivSum": "$0.00",
        "totalPremiumSum": "$0.00",
        "ltc1035Sum": "$0.00",
        "paymentSum": "$450.00"
      }
    ],
    "annuityCurrentValue": null,
    "isAnnuityTaxQualified": false,
    "valueAsOfDate": null,
    "pendingPayment": {
      "paymentDate": null,
      "paymentAmount": null,
      "confirmationNumber": null,
      "nmcPendingPayment": false,
      "maskedBankAccountNumber": null,
      "bankAccountType": null
    },
    "isRecurringISA": false,
    "paymentStatus": 6,
    "isLoanOnly": true,
    "totalLoan": 450.0,
    "shortageAmountDue": 0.00,
    "calculatedPremium": "$450.00",
    "nextBillAmount": "$450.00",
    "totalLtc1035": 0.0,
    "totalDiv": 0.0,
    "totalPremium": 0.0,
    "isaUrl": "/billing/xxx9415"
  }
]
