[{
    "cardType": "PremiumRecurring",
    "frequency": "monthly",
    "isaNumber": "xxx0924",
    "dueDate": "08/17/2014",
    "dueDateAsDate": "2014-08-17T00:00:00",
    "isAnnuity": false,
    "amountDue": "$1,081.56",
    "serviceCharge": "$0.00",
    "additionalPayment": "$0.00",
    "insuredList": [{
        "productList": [{
            "subjectNum": "xxxx0898",
            "totalPremium": "$189.01",
            "loanRepayment": "--",
            "allocatedDiv": "$56.22",
            "productType": "SELECT 100",
            "freqPremium": "$189.01",
            "ltc1035Payment": "N/A",
            "payment": "$132.79",
            "productDetailUrl": "/InsuranceDetail?subjectNum=xxxx0898",
            "isOwnerAndRestricted": false,
            "isOwnerAndNotRestricted": false,
            "isNotOwner": true,
            "annuityCurrentValue": null,
            "valueAsOfDate": "",
            "isAnnuityTaxQualified": false
        }, {
            "subjectNum": "xxxx5693",
            "totalPremium": "$49.05",
            "loanRepayment": "--",
            "allocatedDiv": "$49.05",
            "productType": "ADJUSTABLE COMPLIFE",
            "freqPremium": "$49.05",
            "ltc1035Payment": "N/A",
            "payment": "$0.00",
            "productDetailUrl": "/InsuranceDetail?subjectNum=xxxx5693",
            "isOwnerAndRestricted": false,
            "isOwnerAndNotRestricted": false,
            "isNotOwner": true,
            "annuityCurrentValue": null,
            "valueAsOfDate": "",
            "isAnnuityTaxQualified": false
        }, {
            "subjectNum": "xxxx3838",
            "totalPremium": "$109.77",
            "loanRepayment": "--",
            "allocatedDiv": "--",
            "productType": "65 LIFE",
            "freqPremium": "$109.77",
            "ltc1035Payment": "N/A",
            "payment": "$109.77",
            "productDetailUrl": "/InsuranceDetail?subjectNum=xxxx3838",
            "isOwnerAndRestricted": false,
            "isOwnerAndNotRestricted": false,
            "isNotOwner": true,
            "annuityCurrentValue": null,
            "valueAsOfDate": "",
            "isAnnuityTaxQualified": false
        }],
        "baseLegalEntityID": 65645778,
        "name": "Eliana C Keen",
        "loanRepaymentSum": "$0.00",
        "allocatedDivSum": "$105.27",
        "totalPremiumSum": "$347.83",
        "ltc1035Sum": "$0.00",
        "paymentSum": "$242.56"
    }, {
        "productList": [{
            "subjectNum": "xxxx1481",
            "totalPremium": "$400.79",
            "loanRepayment": "--",
            "allocatedDiv": "--",
            "productType": "ADJUSTABLE COMPLIFE",
            "freqPremium": "$400.79",
            "ltc1035Payment": "N/A",
            "payment": "$400.79",
            "productDetailUrl": "/InsuranceDetail?subjectNum=xxxx1481",
            "isOwnerAndRestricted": false,
            "isOwnerAndNotRestricted": false,
            "isNotOwner": true,
            "annuityCurrentValue": null,
            "valueAsOfDate": "",
            "isAnnuityTaxQualified": false
        }, {
            "subjectNum": "xxxx8905",
            "totalPremium": "$137.69",
            "loanRepayment": "--",
            "allocatedDiv": "$137.69",
            "productType": "SELECT 100",
            "freqPremium": "$137.69",
            "ltc1035Payment": "N/A",
            "payment": "$0.00",
            "productDetailUrl": "/InsuranceDetail?subjectNum=xxxx8905",
            "isOwnerAndRestricted": false,
            "isOwnerAndNotRestricted": true,
            "isNotOwner": false,
            "annuityCurrentValue": null,
            "valueAsOfDate": "03/16/2016",
            "isAnnuityTaxQualified": false
        }, {
            "subjectNum": "xxxx2151",
            "totalPremium": "$135.20",
            "loanRepayment": "--",
            "allocatedDiv": "$135.20",
            "productType": "SELECT 100",
            "freqPremium": "$135.20",
            "ltc1035Payment": "N/A",
            "payment": "$0.00",
            "productDetailUrl": "/InsuranceDetail?subjectNum=xxxx2151",
            "isOwnerAndRestricted": false,
            "isOwnerAndNotRestricted": true,
            "isNotOwner": false,
            "annuityCurrentValue": null,
            "valueAsOfDate": "03/16/2016",
            "isAnnuityTaxQualified": false
        }, {
            "subjectNum": "xxxx9009",
            "totalPremium": "$92.63",
            "loanRepayment": "--",
            "allocatedDiv": "$92.63",
            "productType": "SELECT 100",
            "freqPremium": "$92.63",
            "ltc1035Payment": "N/A",
            "payment": "$0.00",
            "productDetailUrl": "/InsuranceDetail?subjectNum=xxxx9009",
            "isOwnerAndRestricted": false,
            "isOwnerAndNotRestricted": true,
            "isNotOwner": false,
            "annuityCurrentValue": null,
            "valueAsOfDate": "03/16/2016",
            "isAnnuityTaxQualified": false
        }, {
            "subjectNum": "xxxx3905",
            "totalPremium": "$86.72",
            "loanRepayment": "--",
            "allocatedDiv": "$86.72",
            "productType": "SELECT 100",
            "freqPremium": "$86.72",
            "ltc1035Payment": "N/A",
            "payment": "$0.00",
            "productDetailUrl": "/InsuranceDetail?subjectNum=xxxx3905",
            "isOwnerAndRestricted": false,
            "isOwnerAndNotRestricted": true,
            "isNotOwner": false,
            "annuityCurrentValue": null,
            "valueAsOfDate": "03/16/2016",
            "isAnnuityTaxQualified": false
        }, {
            "subjectNum": "xxxx3813",
            "totalPremium": "$301.84",
            "loanRepayment": "--",
            "allocatedDiv": "--",
            "productType": "65 LIFE",
            "freqPremium": "$301.84",
            "ltc1035Payment": "N/A",
            "payment": "$301.84",
            "productDetailUrl": "/InsuranceDetail?subjectNum=xxxx3813",
            "isOwnerAndRestricted": false,
            "isOwnerAndNotRestricted": false,
            "isNotOwner": true,
            "annuityCurrentValue": null,
            "valueAsOfDate": "",
            "isAnnuityTaxQualified": false
        }],
        "baseLegalEntityID": 68337062,
        "name": "Fr Cora Z Li",
        "loanRepaymentSum": "$0.00",
        "allocatedDivSum": "$452.24",
        "totalPremiumSum": "$1,154.87",
        "ltc1035Sum": "$0.00",
        "paymentSum": "$702.63"
    }, {
        "productList": [{
            "subjectNum": "xxxx8507",
            "totalPremium": "WAIVED",
            "loanRepayment": "--",
            "allocatedDiv": "--",
            "productType": "ADJUSTABLE COMPLIFE",
            "freqPremium": "WAIVED",
            "ltc1035Payment": "N/A",
            "payment": "$0.00",
            "productDetailUrl": "/InsuranceDetail?subjectNum=xxxx8507",
            "isOwnerAndRestricted": false,
            "isOwnerAndNotRestricted": false,
            "isNotOwner": true,
            "annuityCurrentValue": null,
            "valueAsOfDate": "",
            "isAnnuityTaxQualified": false
        }],
        "baseLegalEntityID": 6895920,
        "name": "Asher Schofield",
        "loanRepaymentSum": "$0.00",
        "allocatedDivSum": "$0.00",
        "totalPremiumSum": "$0.00",
        "ltc1035Sum": "$0.00",
        "paymentSum": "$0.00"
    }, {
        "productList": [{
            "subjectNum": "xxxx1441",
            "totalPremium": "$136.37",
            "loanRepayment": "--",
            "allocatedDiv": "--",
            "productType": "65 LIFE",
            "freqPremium": "$136.37",
            "ltc1035Payment": "N/A",
            "payment": "$136.37",
            "productDetailUrl": "/InsuranceDetail?subjectNum=xxxx1441",
            "isOwnerAndRestricted": false,
            "isOwnerAndNotRestricted": true,
            "isNotOwner": false,
            "annuityCurrentValue": null,
            "valueAsOfDate": "03/16/2016",
            "isAnnuityTaxQualified": false
        }],
        "baseLegalEntityID": 34355386,
        "name": "Gianna H Stroud",
        "loanRepaymentSum": "$0.00",
        "allocatedDivSum": "$0.00",
        "totalPremiumSum": "$136.37",
        "ltc1035Sum": "$0.00",
        "paymentSum": "$136.37"
    }],
    "annuityCurrentValue": null,
    "isAnnuityTaxQualified": false,
    "valueAsOfDate": null,
    "pendingPayment": {
        "paymentDate": null,
        "paymentAmount": null,
        "confirmationNumber": null,
        "nmcPendingPayment": false,
        "maskedBankAccountNumber": null,
        "bankAccountType": null
    },
    "isRecurringISA": true,
    "paymentStatus": 4,
    "isLoanOnly": false,
    "totalLoan": 0.0,
    "shortageAmountDue": 0.00,
    "calculatedPremium": "$1,081.56",
    "nextBillAmount": "$1,081.56",
    "totalLtc1035": 0.0,
    "totalDiv": 557.51,
    "totalPremium": 1639.0699999999997,
    "isaUrl": "/billing/xxx0924"
}, {
    "cardType": "PremiumRecurring",
    "frequency": "monthly",
    "isaNumber": "xxx9299",
    "dueDate": "08/19/2014",
    "dueDateAsDate": "2014-08-19T00:00:00",
    "isAnnuity": false,
    "amountDue": "$394.90",
    "serviceCharge": "$0.00",
    "additionalPayment": "$0.00",
    "insuredList": [{
        "productList": [{
            "subjectNum": "xxxx2660",
            "totalPremium": "$0.00",
            "loanRepayment": "--",
            "allocatedDiv": "--",
            "productType": "OVHD EXP",
            "freqPremium": "--",
            "ltc1035Payment": "N/A",
            "payment": "$0.00",
            "productDetailUrl": "/InsuranceDetail?subjectNum=xxxx2660",
            "isOwnerAndRestricted": false,
            "isOwnerAndNotRestricted": true,
            "isNotOwner": false,
            "annuityCurrentValue": null,
            "valueAsOfDate": "03/16/2016",
            "isAnnuityTaxQualified": false
        }, {
            "subjectNum": "xxxx9006",
            "totalPremium": "$127.97",
            "loanRepayment": "--",
            "allocatedDiv": "$34.80",
            "productType": "OVHD EXP",
            "freqPremium": "$127.97",
            "ltc1035Payment": "N/A",
            "payment": "$93.17",
            "productDetailUrl": "/InsuranceDetail?subjectNum=xxxx9006",
            "isOwnerAndRestricted": false,
            "isOwnerAndNotRestricted": true,
            "isNotOwner": false,
            "annuityCurrentValue": null,
            "valueAsOfDate": "03/16/2016",
            "isAnnuityTaxQualified": false
        }, {
            "subjectNum": "xxxx3612",
            "totalPremium": "$143.81",
            "loanRepayment": "--",
            "allocatedDiv": "$75.33",
            "productType": "OVHD EXP",
            "freqPremium": "$143.81",
            "ltc1035Payment": "N/A",
            "payment": "$68.48",
            "productDetailUrl": "/InsuranceDetail?subjectNum=xxxx3612",
            "isOwnerAndRestricted": false,
            "isOwnerAndNotRestricted": true,
            "isNotOwner": false,
            "annuityCurrentValue": null,
            "valueAsOfDate": "03/16/2016",
            "isAnnuityTaxQualified": false
        }, {
            "subjectNum": "xxxx4621",
            "totalPremium": "$0.00",
            "loanRepayment": "--",
            "allocatedDiv": "--",
            "productType": "OVHD EXP",
            "freqPremium": "--",
            "ltc1035Payment": "N/A",
            "payment": "$0.00",
            "productDetailUrl": "/InsuranceDetail?subjectNum=xxxx4621",
            "isOwnerAndRestricted": false,
            "isOwnerAndNotRestricted": true,
            "isNotOwner": false,
            "annuityCurrentValue": null,
            "valueAsOfDate": "03/16/2016",
            "isAnnuityTaxQualified": false
        }, {
            "subjectNum": "xxxx6280",
            "totalPremium": "$0.00",
            "loanRepayment": "--",
            "allocatedDiv": "--",
            "productType": "OVHD EXP",
            "freqPremium": "--",
            "ltc1035Payment": "N/A",
            "payment": "$0.00",
            "productDetailUrl": "/InsuranceDetail?subjectNum=xxxx6280",
            "isOwnerAndRestricted": false,
            "isOwnerAndNotRestricted": true,
            "isNotOwner": false,
            "annuityCurrentValue": null,
            "valueAsOfDate": "03/16/2016",
            "isAnnuityTaxQualified": false
        }, {
            "subjectNum": "xxxx7234",
            "totalPremium": "$0.00",
            "loanRepayment": "--",
            "allocatedDiv": "--",
            "productType": "OVHD EXP",
            "freqPremium": "--",
            "ltc1035Payment": "N/A",
            "payment": "$0.00",
            "productDetailUrl": "/InsuranceDetail?subjectNum=xxxx7234",
            "isOwnerAndRestricted": false,
            "isOwnerAndNotRestricted": true,
            "isNotOwner": false,
            "annuityCurrentValue": null,
            "valueAsOfDate": "03/16/2016",
            "isAnnuityTaxQualified": false
        }, {
            "subjectNum": "xxxx4539",
            "totalPremium": "$0.00",
            "loanRepayment": "--",
            "allocatedDiv": "--",
            "productType": "OVHD EXP",
            "freqPremium": "--",
            "ltc1035Payment": "N/A",
            "payment": "$0.00",
            "productDetailUrl": "/InsuranceDetail?subjectNum=xxxx4539",
            "isOwnerAndRestricted": false,
            "isOwnerAndNotRestricted": true,
            "isNotOwner": false,
            "annuityCurrentValue": null,
            "valueAsOfDate": "03/16/2016",
            "isAnnuityTaxQualified": false
        }, {
            "subjectNum": "xxx9222",
            "totalPremium": "$11.64",
            "loanRepayment": "--",
            "allocatedDiv": "$6.69",
            "productType": "OVHD EXP",
            "freqPremium": "$11.64",
            "ltc1035Payment": "N/A",
            "payment": "$4.95",
            "productDetailUrl": "/InsuranceDetail?subjectNum=xxx9222",
            "isOwnerAndRestricted": false,
            "isOwnerAndNotRestricted": true,
            "isNotOwner": false,
            "annuityCurrentValue": null,
            "valueAsOfDate": "03/16/2016",
            "isAnnuityTaxQualified": false
        }, {
            "subjectNum": "xxx4922",
            "totalPremium": "$17.80",
            "loanRepayment": "--",
            "allocatedDiv": "$8.53",
            "productType": "OVHD EXP",
            "freqPremium": "$17.80",
            "ltc1035Payment": "N/A",
            "payment": "$9.27",
            "productDetailUrl": "/InsuranceDetail?subjectNum=xxx4922",
            "isOwnerAndRestricted": false,
            "isOwnerAndNotRestricted": true,
            "isNotOwner": false,
            "annuityCurrentValue": null,
            "valueAsOfDate": "03/16/2016",
            "isAnnuityTaxQualified": false
        }, {
            "subjectNum": "xxx1575",
            "totalPremium": "$21.49",
            "loanRepayment": "--",
            "allocatedDiv": "$9.30",
            "productType": "OVHD EXP",
            "freqPremium": "$21.49",
            "ltc1035Payment": "N/A",
            "payment": "$12.19",
            "productDetailUrl": "/InsuranceDetail?subjectNum=xxx1575",
            "isOwnerAndRestricted": false,
            "isOwnerAndNotRestricted": true,
            "isNotOwner": false,
            "annuityCurrentValue": null,
            "valueAsOfDate": "03/16/2016",
            "isAnnuityTaxQualified": false
        }],
        "baseLegalEntityID": 68337062,
        "name": "Fr Cora Z Li",
        "loanRepaymentSum": "$0.00",
        "allocatedDivSum": "$134.65",
        "totalPremiumSum": "$322.71",
        "ltc1035Sum": "$0.00",
        "paymentSum": "$188.06"
    }],
    "annuityCurrentValue": null,
    "isAnnuityTaxQualified": false,
    "valueAsOfDate": null,
    "pendingPayment": {
        "paymentDate": null,
        "paymentAmount": null,
        "confirmationNumber": null,
        "nmcPendingPayment": false,
        "maskedBankAccountNumber": null,
        "bankAccountType": null
    },
    "isRecurringISA": true,
    "paymentStatus": 4,
    "isLoanOnly": false,
    "totalLoan": 0.0,
    "shortageAmountDue": 0.00,
    "calculatedPremium": "$394.90",
    "nextBillAmount": "$188.06",
    "totalLtc1035": 0.0,
    "totalDiv": 134.65,
    "totalPremium": 322.71,
    "isaUrl": "/billing/xxx9299"
}, {
    "cardType": "PremiumRecurring",
    "frequency": "monthly",
    "isaNumber": "xxx1951",
    "dueDate": "08/19/2014",
    "dueDateAsDate": "2014-08-19T00:00:00",
    "isAnnuity": false,
    "amountDue": "$633.87",
    "serviceCharge": "$0.00",
    "additionalPayment": "$0.00",
    "insuredList": [{
        "productList": [{
            "subjectNum": "xxxx1936",
            "totalPremium": "$90.94",
            "loanRepayment": "--",
            "allocatedDiv": "$20.99",
            "productType": "NON-CANCELLABLE DI",
            "freqPremium": "$90.94",
            "ltc1035Payment": "N/A",
            "payment": "$69.95",
            "productDetailUrl": "/InsuranceDetail?subjectNum=xxxx1936",
            "isOwnerAndRestricted": false,
            "isOwnerAndNotRestricted": true,
            "isNotOwner": false,
            "annuityCurrentValue": null,
            "valueAsOfDate": "03/16/2016",
            "isAnnuityTaxQualified": false
        }, {
            "subjectNum": "xxxx0797",
            "totalPremium": "$0.00",
            "loanRepayment": "--",
            "allocatedDiv": "--",
            "productType": "DIS INC",
            "freqPremium": "--",
            "ltc1035Payment": "N/A",
            "payment": "$0.00",
            "productDetailUrl": "/InsuranceDetail?subjectNum=xxxx0797",
            "isOwnerAndRestricted": false,
            "isOwnerAndNotRestricted": true,
            "isNotOwner": false,
            "annuityCurrentValue": null,
            "valueAsOfDate": "03/16/2016",
            "isAnnuityTaxQualified": false
        }, {
            "subjectNum": "xxx4340",
            "totalPremium": "$232.93",
            "loanRepayment": "--",
            "allocatedDiv": "$9.80",
            "productType": "DIS INC",
            "freqPremium": "$232.93",
            "ltc1035Payment": "N/A",
            "payment": "$223.13",
            "productDetailUrl": "/InsuranceDetail?subjectNum=xxx4340",
            "isOwnerAndRestricted": false,
            "isOwnerAndNotRestricted": true,
            "isNotOwner": false,
            "annuityCurrentValue": null,
            "valueAsOfDate": "03/16/2016",
            "isAnnuityTaxQualified": false
        }, {
            "subjectNum": "xxx3825",
            "totalPremium": "$83.52",
            "loanRepayment": "--",
            "allocatedDiv": "$3.72",
            "productType": "DIS INC",
            "freqPremium": "$83.52",
            "ltc1035Payment": "N/A",
            "payment": "$79.80",
            "productDetailUrl": "/InsuranceDetail?subjectNum=xxx3825",
            "isOwnerAndRestricted": false,
            "isOwnerAndNotRestricted": true,
            "isNotOwner": false,
            "annuityCurrentValue": null,
            "valueAsOfDate": "03/16/2016",
            "isAnnuityTaxQualified": false
        }, {
            "subjectNum": "xxx5667",
            "totalPremium": "$0.00",
            "loanRepayment": "--",
            "allocatedDiv": "--",
            "productType": "STEP SOC SEC SUB DI",
            "freqPremium": "--",
            "ltc1035Payment": "N/A",
            "payment": "$0.00",
            "productDetailUrl": "/InsuranceDetail?subjectNum=xxx5667",
            "isOwnerAndRestricted": false,
            "isOwnerAndNotRestricted": true,
            "isNotOwner": false,
            "annuityCurrentValue": null,
            "valueAsOfDate": "03/16/2016",
            "isAnnuityTaxQualified": false
        }, {
            "subjectNum": "xxx5660",
            "totalPremium": "$0.00",
            "loanRepayment": "--",
            "allocatedDiv": "--",
            "productType": "STEP DI",
            "freqPremium": "--",
            "ltc1035Payment": "N/A",
            "payment": "$0.00",
            "productDetailUrl": "/InsuranceDetail?subjectNum=xxx5660",
            "isOwnerAndRestricted": false,
            "isOwnerAndNotRestricted": true,
            "isNotOwner": false,
            "annuityCurrentValue": null,
            "valueAsOfDate": "03/16/2016",
            "isAnnuityTaxQualified": false
        }, {
            "subjectNum": "xxx6189",
            "totalPremium": "$12.58",
            "loanRepayment": "--",
            "allocatedDiv": "$2.34",
            "productType": "SOC SEC SUB DI",
            "freqPremium": "$12.58",
            "ltc1035Payment": "N/A",
            "payment": "$10.24",
            "productDetailUrl": "/InsuranceDetail?subjectNum=xxx6189",
            "isOwnerAndRestricted": false,
            "isOwnerAndNotRestricted": true,
            "isNotOwner": false,
            "annuityCurrentValue": null,
            "valueAsOfDate": "03/16/2016",
            "isAnnuityTaxQualified": false
        }, {
            "subjectNum": "xxx4219",
            "totalPremium": "$47.94",
            "loanRepayment": "--",
            "allocatedDiv": "$7.31",
            "productType": "STEP DI",
            "freqPremium": "$47.94",
            "ltc1035Payment": "N/A",
            "payment": "$40.63",
            "productDetailUrl": "/InsuranceDetail?subjectNum=xxx4219",
            "isOwnerAndRestricted": false,
            "isOwnerAndNotRestricted": true,
            "isNotOwner": false,
            "annuityCurrentValue": null,
            "valueAsOfDate": "03/16/2016",
            "isAnnuityTaxQualified": false
        }],
        "baseLegalEntityID": 68337062,
        "name": "Fr Cora Z Li",
        "loanRepaymentSum": "$0.00",
        "allocatedDivSum": "$44.16",
        "totalPremiumSum": "$467.91",
        "ltc1035Sum": "$0.00",
        "paymentSum": "$423.75"
    }],
    "annuityCurrentValue": null,
    "isAnnuityTaxQualified": false,
    "valueAsOfDate": null,
    "pendingPayment": {
        "paymentDate": null,
        "paymentAmount": null,
        "confirmationNumber": null,
        "nmcPendingPayment": false,
        "maskedBankAccountNumber": null,
        "bankAccountType": null
    },
    "isRecurringISA": true,
    "paymentStatus": 4,
    "isLoanOnly": false,
    "totalLoan": 0.0,
    "shortageAmountDue": 0.00,
    "calculatedPremium": "$633.87",
    "nextBillAmount": "$423.75",
    "totalLtc1035": 0.0,
    "totalDiv": 44.16,
    "totalPremium": 467.90999999999997,
    "isaUrl": "/billing/xxx1951"
}, {
    "cardType": "PremiumRecurring",
    "frequency": "quarterly",
    "isaNumber": "xxx6226",
    "dueDate": "09/05/2014",
    "dueDateAsDate": "2014-09-05T00:00:00",
    "isAnnuity": false,
    "amountDue": "$1,195.67",
    "serviceCharge": "$0.00",
    "additionalPayment": "$0.00",
    "insuredList": [{
        "productList": [{
            "subjectNum": "xxxx2192",
            "totalPremium": "$11.58",
            "loanRepayment": "--",
            "allocatedDiv": "$1.03",
            "productType": "TERM 80",
            "freqPremium": "$11.58",
            "ltc1035Payment": "N/A",
            "payment": "$10.55",
            "productDetailUrl": "/InsuranceDetail?subjectNum=xxxx2192",
            "isOwnerAndRestricted": false,
            "isOwnerAndNotRestricted": true,
            "isNotOwner": false,
            "annuityCurrentValue": null,
            "valueAsOfDate": "03/16/2016",
            "isAnnuityTaxQualified": false
        }, {
            "subjectNum": "xxxx2149",
            "totalPremium": "$150.13",
            "loanRepayment": "--",
            "allocatedDiv": "--",
            "productType": "90 LIFE",
            "freqPremium": "$150.13",
            "ltc1035Payment": "N/A",
            "payment": "$150.13",
            "productDetailUrl": "/InsuranceDetail?subjectNum=xxxx2149",
            "isOwnerAndRestricted": false,
            "isOwnerAndNotRestricted": true,
            "isNotOwner": false,
            "annuityCurrentValue": null,
            "valueAsOfDate": "03/16/2016",
            "isAnnuityTaxQualified": false
        }],
        "baseLegalEntityID": 54727159,
        "name": "Kaylee B D'Quintero",
        "loanRepaymentSum": "$0.00",
        "allocatedDivSum": "$1.03",
        "totalPremiumSum": "$161.71",
        "ltc1035Sum": "$0.00",
        "paymentSum": "$160.68"
    }, {
        "productList": [{
            "subjectNum": "xxxx3409",
            "totalPremium": "$469.98",
            "loanRepayment": "--",
            "allocatedDiv": "--",
            "productType": "90 LIFE",
            "freqPremium": "$469.98",
            "ltc1035Payment": "N/A",
            "payment": "$469.98",
            "productDetailUrl": "/InsuranceDetail?subjectNum=xxxx3409",
            "isOwnerAndRestricted": false,
            "isOwnerAndNotRestricted": true,
            "isNotOwner": false,
            "annuityCurrentValue": null,
            "valueAsOfDate": "03/16/2016",
            "isAnnuityTaxQualified": false
        }],
        "baseLegalEntityID": 62360276,
        "name": "Xavier S Higgins",
        "loanRepaymentSum": "$0.00",
        "allocatedDivSum": "$0.00",
        "totalPremiumSum": "$469.98",
        "ltc1035Sum": "$0.00",
        "paymentSum": "$469.98"
    }, {
        "productList": [{
            "subjectNum": "xxxx5761",
            "totalPremium": "$366.40",
            "loanRepayment": "--",
            "allocatedDiv": "--",
            "productType": "90 LIFE",
            "freqPremium": "$366.40",
            "ltc1035Payment": "N/A",
            "payment": "$366.40",
            "productDetailUrl": "/InsuranceDetail?subjectNum=xxxx5761",
            "isOwnerAndRestricted": false,
            "isOwnerAndNotRestricted": true,
            "isNotOwner": false,
            "annuityCurrentValue": null,
            "valueAsOfDate": "03/16/2016",
            "isAnnuityTaxQualified": false
        }, {
            "subjectNum": "xxxx1221",
            "totalPremium": "$15.95",
            "loanRepayment": "--",
            "allocatedDiv": "$1.54",
            "productType": "TERM 80",
            "freqPremium": "$15.95",
            "ltc1035Payment": "N/A",
            "payment": "$14.41",
            "productDetailUrl": "/InsuranceDetail?subjectNum=xxxx1221",
            "isOwnerAndRestricted": false,
            "isOwnerAndNotRestricted": true,
            "isNotOwner": false,
            "annuityCurrentValue": null,
            "valueAsOfDate": "03/16/2016",
            "isAnnuityTaxQualified": false
        }, {
            "subjectNum": "xxxx1167",
            "totalPremium": "$184.20",
            "loanRepayment": "--",
            "allocatedDiv": "--",
            "productType": "90 LIFE",
            "freqPremium": "$184.20",
            "ltc1035Payment": "N/A",
            "payment": "$184.20",
            "productDetailUrl": "/InsuranceDetail?subjectNum=xxxx1167",
            "isOwnerAndRestricted": false,
            "isOwnerAndNotRestricted": true,
            "isNotOwner": false,
            "annuityCurrentValue": null,
            "valueAsOfDate": "03/16/2016",
            "isAnnuityTaxQualified": false
        }],
        "baseLegalEntityID": 54411412,
        "name": "Audrey Quick",
        "loanRepaymentSum": "$0.00",
        "allocatedDivSum": "$1.54",
        "totalPremiumSum": "$566.55",
        "ltc1035Sum": "$0.00",
        "paymentSum": "$565.01"
    }],
    "annuityCurrentValue": null,
    "isAnnuityTaxQualified": false,
    "valueAsOfDate": null,
    "pendingPayment": {
        "paymentDate": null,
        "paymentAmount": null,
        "confirmationNumber": null,
        "nmcPendingPayment": false,
        "maskedBankAccountNumber": null,
        "bankAccountType": null
    },
    "isRecurringISA": true,
    "paymentStatus": 4,
    "isLoanOnly": false,
    "totalLoan": 0.0,
    "shortageAmountDue": 0.00,
    "calculatedPremium": "$1,195.67",
    "nextBillAmount": "$1,195.67",
    "totalLtc1035": 0.0,
    "totalDiv": 2.5700000000000003,
    "totalPremium": 1198.24,
    "isaUrl": "/billing/xxx6226"
}]
