[
    {
      "cardType": "PremiumDirectPastDue",
      "frequency": "monthly",
      "isaNumber": "xxx6301",
      "dueDate": "06/15/2016",
      "dueDateAsDate": "2016-06-15T00:00:00",
      "isAnnuity": false,
      "amountDue": "$126.99",
      "serviceCharge": "$1.00",
      "additionalPayment": "$0.00",
      "insuredList": [
        {
          "productList": [
            {
              "subjectNum": "xxx1209",
              "totalPremium": "$25.99",
              "loanRepayment": "$100.00",
              "allocatedDiv": "--",
              "productType": "Whole Life",
              "freqPremium": "$25.99",
              "ltc1035Payment": "N/A",
              "payment": "$125.99",
              "productDetailUrl": "/InsuranceDetail?subjectNum=xxx1209",
              "isOwnerAndRestricted": false,
              "isOwnerAndNotRestricted": false,
              "isNotOwner": true,
              "annuityCurrentValue": null,
              "valueAsOfDate": "",
              "isAnnuityTaxQualified": false
            }
          ],
          "baseLegalEntityID": 13670678,
          "name": "Edward D Fender",
          "loanRepaymentSum": "$100.00",
          "allocatedDivSum": "$0.00",
          "totalPremiumSum": "$25.99",
          "ltc1035Sum": "$0.00",
          "paymentSum": "$125.99"
        }
      ],
      "annuityCurrentValue": null,
      "isAnnuityTaxQualified": false,
      "valueAsOfDate": null,
      "pendingPayment": {
        "paymentDate": null,
        "paymentAmount": null,
        "confirmationNumber": null,
        "nmcPendingPayment": false,
        "maskedBankAccountNumber": null,
        "bankAccountType": null
      },
      "isRecurringISA": false,
      "paymentStatus": 2,
      "isLoanOnly": false,
      "totalLoan": 100.0,
      "shortageAmountDue": 0.00,
      "calculatedPremium": "$126.99",
      "nextBillAmount": "$126.99",
      "totalLtc1035": 0.0,
      "totalDiv": 0.0,
      "totalPremium": 25.99,
      "isaUrl": "/billing/xxx6301"
  },
  {
    "cardType": "PremiumDirectPastDue",
    "frequency": "monthly",
    "isaNumber": "xxx1242",
    "dueDate": "06/14/2016",
    "dueDateAsDate": "2016-06-14T00:00:00",
    "isAnnuity": false,
    "amountDue": "$691.11",
    "serviceCharge": "$0.00",
    "additionalPayment": "$0.00",
    "insuredList": [
      {
        "productList": [
          {
            "subjectNum": "xxxx8824",
            "totalPremium": "$60.23",
            "loanRepayment": "--",
            "allocatedDiv": "$9.52",
            "productType": "Disability Income",
            "freqPremium": "$60.23",
            "ltc1035Payment": "N/A",
            "payment": "$50.71",
            "productDetailUrl": "/InsuranceDetail?subjectNum=xxxx8824",
            "isOwnerAndRestricted": false,
            "isOwnerAndNotRestricted": false,
            "isNotOwner": true,
            "annuityCurrentValue": null,
            "valueAsOfDate": "",
            "isAnnuityTaxQualified": false
          }
        ],
        "baseLegalEntityID": 6801077,
        "name": "Amy M Wubker / Carolyn B Mehlomakulu",
        "loanRepaymentSum": "$0.00",
        "allocatedDivSum": "$9.52",
        "totalPremiumSum": "$60.23",
        "ltc1035Sum": "$0.00",
        "paymentSum": "$50.71"
      },
      {
        "productList": [
          {
            "subjectNum": "xxxx8980",
            "totalPremium": "$46.89",
            "loanRepayment": "--",
            "allocatedDiv": "--",
            "productType": "Term to Age 70/Term to Age 75/Term to Age 80",
            "freqPremium": "$46.89",
            "ltc1035Payment": "N/A",
            "payment": "$46.89",
            "productDetailUrl": "/InsuranceDetail?subjectNum=xxxx8980",
            "isOwnerAndRestricted": false,
            "isOwnerAndNotRestricted": true,
            "isNotOwner": false,
            "annuityCurrentValue": null,
            "valueAsOfDate": "09/30/2015",
            "isAnnuityTaxQualified": false
          },
          {
            "subjectNum": "xxxx6130",
            "totalPremium": "$153.45",
            "loanRepayment": "--",
            "allocatedDiv": "--",
            "productType": "Adjustable CompLife",
            "freqPremium": "$153.45",
            "ltc1035Payment": "N/A",
            "payment": "$153.45",
            "productDetailUrl": "/InsuranceDetail?subjectNum=xxxx6130",
            "isOwnerAndRestricted": false,
            "isOwnerAndNotRestricted": true,
            "isNotOwner": false,
            "annuityCurrentValue": null,
            "valueAsOfDate": "09/30/2015",
            "isAnnuityTaxQualified": false
          },
          {
            "subjectNum": "xxxx9688",
            "totalPremium": "$135.99",
            "loanRepayment": "$101.42",
            "allocatedDiv": "--",
            "productType": "Adjustable CompLife",
            "freqPremium": "$135.99",
            "ltc1035Payment": "N/A",
            "payment": "$237.41",
            "productDetailUrl": "/InsuranceDetail?subjectNum=xxxx9688",
            "isOwnerAndRestricted": false,
            "isOwnerAndNotRestricted": true,
            "isNotOwner": false,
            "annuityCurrentValue": null,
            "valueAsOfDate": "09/30/2015",
            "isAnnuityTaxQualified": false
          }
        ],
        "baseLegalEntityID": 10414974,
        "name": "Bungane Mehlomakulu",
        "loanRepaymentSum": "$101.42",
        "allocatedDivSum": "$0.00",
        "totalPremiumSum": "$336.33",
        "ltc1035Sum": "$0.00",
        "paymentSum": "$437.75"
      },
      {
        "productList": [
          {
            "subjectNum": "xxxx8849",
            "totalPremium": "$9.75",
            "loanRepayment": "--",
            "allocatedDiv": "$1.66",
            "productType": "Term to Age 70/Term to Age 75/Term to Age 80",
            "freqPremium": "$9.75",
            "ltc1035Payment": "N/A",
            "payment": "$8.09",
            "productDetailUrl": "/InsuranceDetail?subjectNum=xxxx8849",
            "isOwnerAndRestricted": false,
            "isOwnerAndNotRestricted": false,
            "isNotOwner": true,
            "annuityCurrentValue": null,
            "valueAsOfDate": "",
            "isAnnuityTaxQualified": false
          },
          {
            "subjectNum": "xxxx8833",
            "totalPremium": "$194.56",
            "loanRepayment": "--",
            "allocatedDiv": "--",
            "productType": "Adjustable CompLife",
            "freqPremium": "$194.56",
            "ltc1035Payment": "N/A",
            "payment": "$194.56",
            "productDetailUrl": "/InsuranceDetail?subjectNum=xxxx8833",
            "isOwnerAndRestricted": false,
            "isOwnerAndNotRestricted": false,
            "isNotOwner": true,
            "annuityCurrentValue": null,
            "valueAsOfDate": "",
            "isAnnuityTaxQualified": false
          }
        ],
        "baseLegalEntityID": 14590444,
        "name": "Carolyn B Mehlomakulu",
        "loanRepaymentSum": "$0.00",
        "allocatedDivSum": "$1.66",
        "totalPremiumSum": "$204.31",
        "ltc1035Sum": "$0.00",
        "paymentSum": "$202.65"
      }
    ],
    "annuityCurrentValue": null,
    "isAnnuityTaxQualified": false,
    "valueAsOfDate": null,
    "pendingPayment": {
      "paymentDate": null,
      "paymentAmount": null,
      "confirmationNumber": null,
      "nmcPendingPayment": false,
      "maskedBankAccountNumber": null,
      "bankAccountType": null
    },
    "isRecurringISA": false,
    "paymentStatus": 2,
    "isLoanOnly": false,
    "totalLoan": 101.42,
    "shortageAmountDue": 0.00,
    "calculatedPremium": "$691.11",
    "nextBillAmount": "$691.11",
    "totalLtc1035": 0.0,
    "totalDiv": 11.18,
    "totalPremium": 600.87,
    "isaUrl": "/billing/xxx1242"
},
  {
    "cardType": "PremiumDirectSplitPaymentPastDue",
    "frequency": "monthly",
    "isaNumber": "xxx6462",
    "dueDate": "06/05/2016",
    "dueDateAsDate": "2016-06-05T00:00:00",
    "isAnnuity": false,
    "amountDue": "$197.72",
    "serviceCharge": "$1.00",
    "additionalPayment": "$0.00",
    "insuredList": [
      {
        "productList": [
          {
            "subjectNum": "xxxx9823",
            "totalPremium": "$192.21",
            "loanRepayment": "--",
            "allocatedDiv": "--",
            "productType": "65 Life",
            "freqPremium": "$192.21",
            "ltc1035Payment": "N/A",
            "payment": "$192.21",
            "productDetailUrl": "/InsuranceDetail?subjectNum=xxxx9823",
            "isOwnerAndRestricted": false,
            "isOwnerAndNotRestricted": true,
            "isNotOwner": false,
            "annuityCurrentValue": null,
            "valueAsOfDate": "09/30/2015",
            "isAnnuityTaxQualified": false
          }
        ],
        "baseLegalEntityID": 14590461,
        "name": "Alex Ogurek",
        "loanRepaymentSum": "$0.00",
        "allocatedDivSum": "$0.00",
        "totalPremiumSum": "$192.21",
        "ltc1035Sum": "$0.00",
        "paymentSum": "$192.21"
      }
    ],
    "annuityCurrentValue": null,
    "isAnnuityTaxQualified": false,
    "valueAsOfDate": null,
    "pendingPayment": {
      "paymentDate": null,
      "paymentAmount": null,
      "confirmationNumber": null,
      "nmcPendingPayment": false,
      "maskedBankAccountNumber": null,
      "bankAccountType": null
    },
    "isRecurringISA": false,
    "paymentStatus": 2,
    "isLoanOnly": false,
    "totalLoan": 0.0,
    "shortageAmountDue": 4.51,
    "calculatedPremium": "$193.21",
    "nextBillAmount": "$193.21",
    "totalLtc1035": 0.0,
    "totalDiv": 0.0,
    "totalPremium": 192.21,
    "isaUrl": "/billing/xxx6462"
},
{
  "cardType": "PremiumDirectMonthlyPastDue",
  "frequency": "monthly",
  "isaNumber": "xxx4593",
  "dueDate": "04/18/2016",
  "dueDateAsDate": "2016-04-18T00:00:00",
  "isAnnuity": false,
  "amountDue": "$64.35",
  "billedAmount": "$128.70",
  "pastDueAmount": "$64.35",
  "serviceCharge": "$0.00",
  "additionalPayment": "$0.00",
  "insuredList": [
    {
      "productList": [
        {
          "subjectNum": "xxxx6678",
          "totalPremium": "$33.72",
          "loanRepayment": "--",
          "allocatedDiv": "--",
          "productType": "65 Life",
          "freqPremium": "$33.72",
          "ltc1035Payment": "N/A",
          "payment": "$33.72",
          "productDetailUrl": "/InsuranceDetail?subjectNum=xxxx6678",
          "isOwnerAndRestricted": false,
          "isOwnerAndNotRestricted": true,
          "isNotOwner": false,
          "annuityCurrentValue": null,
          "valueAsOfDate": "09/30/2015",
          "isAnnuityTaxQualified": false
        }
      ],
      "baseLegalEntityID": 14601862,
      "name": "Valentina Delgado",
      "loanRepaymentSum": "$0.00",
      "allocatedDivSum": "$0.00",
      "totalPremiumSum": "$33.72",
      "ltc1035Sum": "$0.00",
      "paymentSum": "$33.72"
    },
    {
      "productList": [
        {
          "subjectNum": "xxxx6765",
          "totalPremium": "$30.63",
          "loanRepayment": "--",
          "allocatedDiv": "--",
          "productType": "65 Life",
          "freqPremium": "$30.63",
          "ltc1035Payment": "N/A",
          "payment": "$30.63",
          "productDetailUrl": "/InsuranceDetail?subjectNum=xxxx6765",
          "isOwnerAndRestricted": false,
          "isOwnerAndNotRestricted": true,
          "isNotOwner": false,
          "annuityCurrentValue": null,
          "valueAsOfDate": "09/30/2015",
          "isAnnuityTaxQualified": false
        }
      ],
      "baseLegalEntityID": 14601863,
      "name": "Raquelle Estrada",
      "loanRepaymentSum": "$0.00",
      "allocatedDivSum": "$0.00",
      "totalPremiumSum": "$30.63",
      "ltc1035Sum": "$0.00",
      "paymentSum": "$30.63"
    }
  ],
  "annuityCurrentValue": null,
  "isAnnuityTaxQualified": false,
  "valueAsOfDate": null,
  "pendingPayment": {
    "paymentDate": null,
    "paymentAmount": null,
    "confirmationNumber": null,
    "nmcPendingPayment": false,
    "maskedBankAccountNumber": null,
    "bankAccountType": null
  },
  "isRecurringISA": false,
  "paymentStatus": 3,
  "isLoanOnly": false,
  "totalLoan": 0.0,
  "shortageAmountDue": 0.00,
  "calculatedPremium": "$64.35",
  "nextBillAmount": "$64.35",
  "totalLtc1035": 0.0,
  "totalDiv": 0.0,
  "totalPremium": 64.35,
  "isaUrl": "/billing/xxx4593",
  "showMonthlyPastDue": true,
  "isPendingSetupEft": false,
  "isPendingFrequencyChange": false,
  "isPendingRecurringToDirect": false,
  "isPendingChangeBank": false,
  "pendingFrequencyModel": null,
  "onlinePaymentIneligible": false
}
]
