[
  {
    "cardType": "PremiumDirectDue",
    "frequency": "monthly",
    "isaNumber": "xxx6301",
    "dueDate": "06/15/2016",
    "dueDateAsDate": "2016-06-15T00:00:00",
    "isAnnuity": false,
    "amountDue": "$126.99",
    "serviceCharge": "$1.00",
    "additionalPayment": "$0.00",
    "insuredList": [
      {
        "productList": [
          {
            "subjectNum": "xxx1209",
            "totalPremium": "$25.99",
            "loanRepayment": "$100.00",
            "allocatedDiv": "--",
            "productType": "Whole Life",
            "freqPremium": "$25.99",
            "ltc1035Payment": "N/A",
            "payment": "$125.99",
            "productDetailUrl": "/InsuranceDetail?subjectNum=xxx1209",
            "isOwnerAndRestricted": false,
            "isOwnerAndNotRestricted": false,
            "isNotOwner": true,
            "annuityCurrentValue": null,
            "valueAsOfDate": "",
            "isAnnuityTaxQualified": false
          }
        ],
        "baseLegalEntityID": 13670678,
        "name": "Edward D Fender",
        "loanRepaymentSum": "$100.00",
        "allocatedDivSum": "$0.00",
        "totalPremiumSum": "$25.99",
        "ltc1035Sum": "$0.00",
        "paymentSum": "$125.99"
      }
    ],
    "annuityCurrentValue": null,
    "isAnnuityTaxQualified": false,
    "valueAsOfDate": null,
    "pendingPayment": {
      "paymentDate": null,
      "paymentAmount": null,
      "confirmationNumber": null,
      "nmcPendingPayment": false,
      "maskedBankAccountNumber": null,
      "bankAccountType": null
    },
    "isRecurringISA": false,
    "paymentStatus": 2,
    "isLoanOnly": false,
    "totalLoan": 100.0,
    "shortageAmountDue": 0.00,
    "calculatedPremium": "$126.99",
    "nextBillAmount": "$126.99",
    "totalLtc1035": 0.0,
    "totalDiv": 0.0,
    "totalPremium": 25.99,
    "isaUrl": "/billing/xxx6301"
  }
]
