[
  {
    "cardType": "PremiumRecurring",
    "frequency": "annual",
    "isaNumber": "xxx0612",
    "dueDate": "09/18/2016",
    "dueDateAsDate": "2016-09-18T00:00:00",
    "isAnnuity": false,
    "amountDue": "$0.00",
    "serviceCharge": "$0.00",
    "additionalPayment": "$0.00",
    "isaTotal": "$4,200.00",
    "insuredList": [
      {
        "productList": [
          {
            "subjectNum": "xxxx5196",
            "totalPremium": "$4,200.00",
            "loanRepayment": "--",
            "allocatedDiv": "--",
            "productType": "Whole Life",
            "freqPremium": "$4,200.00",
            "ltc1035Payment": "N/A",
            "payment": "$4,200.00",
            "productDetailUrl": "/InsuranceDetail?subjectNum=xxxx5196",
            "isOwnerAndRestricted": false,
            "isOwnerAndNotRestricted": true,
            "isNotOwner": false,
            "annuityCurrentValue": null,
            "valueAsOfDate": "09/30/2015",
            "isAnnuityTaxQualified": false
          }
        ],
        "baseLegalEntityID": 14177645,
        "name": "Rosalind B Kinney",
        "loanRepaymentSum": "$0.00",
        "allocatedDivSum": "$0.00",
        "totalPremiumSum": "$4,200.00",
        "ltc1035Sum": "$0.00",
        "paymentSum": "$4,200.00"
      }
    ],
    "annuityCurrentValue": null,
    "isAnnuityTaxQualified": false,
    "valueAsOfDate": null,
    "pendingPayment": {
      "paymentDate": null,
      "paymentAmount": null,
      "confirmationNumber": null,
      "nmcPendingPayment": false,
      "maskedBankAccountNumber": null,
      "bankAccountType": null
    },
    "isRecurringISA": true,
    "paymentStatus": 1,
    "isLoanOnly": false,
    "totalLoan": 0.0,
    "shortageAmountDue": 0.00,
    "calculatedPremium": "$0.00",
    "nextBillAmount": "$4,200.00",
    "totalLtc1035": 0.0,
    "totalDiv": 0.0,
    "totalPremium": 4200.0,
    "isaUrl": "/billing/xxx0612"
  }
]
