[
  {
    "cardType": "PremiumPaidByDividend",
    "frequency": "annual",
    "isaNumber": "xxx0815",
    "dueDate": "05/30/2016",
    "dueDateAsDate": "2016-05-30T00:00:00",
    "isAnnuity": false,
    "amountDue": "$0.00",
    "serviceCharge": "$0.00",
    "additionalPayment": "$0.00",
    "insuredList": [
      {
        "productList": [
          {
            "subjectNum": "xxx5086",
            "totalPremium": "$175.60",
            "loanRepayment": "--",
            "allocatedDiv": "$175.60",
            "productType": null,
            "freqPremium": "$175.60",
            "ltc1035Payment": "N/A",
            "payment": "$0.00",
            "productDetailUrl": "/InsuranceDetail?subjectNum=xxx5086",
            "isOwnerAndRestricted": false,
            "isOwnerAndNotRestricted": true,
            "isNotOwner": false,
            "annuityCurrentValue": null,
            "valueAsOfDate": "09/30/2015",
            "isAnnuityTaxQualified": false
          }
        ],
        "baseLegalEntityID": 7563416,
        "name": "Jennifer C Rood / Harvey Perlman",
        "loanRepaymentSum": "$0.00",
        "allocatedDivSum": "$175.60",
        "totalPremiumSum": "$175.60",
        "ltc1035Sum": "$0.00",
        "paymentSum": "$0.00"
      }
    ],
    "annuityCurrentValue": null,
    "isAnnuityTaxQualified": false,
    "valueAsOfDate": null,
    "pendingPayment": {
      "paymentDate": null,
      "paymentAmount": null,
      "confirmationNumber": null,
      "nmcPendingPayment": false,
      "maskedBankAccountNumber": null,
      "bankAccountType": null
    },
    "isRecurringISA": false,
    "paymentStatus": 2,
    "isLoanOnly": false,
    "totalLoan": 0.0,
    "shortageAmountDue": 0.00,
    "calculatedPremium": "$0.00",
    "nextBillAmount": "$0.00",
    "totalLtc1035": 0.0,
    "totalDiv": 175.6,
    "totalPremium": 175.6,
    "isaUrl": "/billing/xxx0815"
  }
]
