[{
    "cardType": "PremiumRecurring",
    "frequency": "quarterly",
    "isaNumber": "xxx0889",
    "dueDate": "06/28/2014",
    "dueDateAsDate": "2014-06-28T00:00:00",
    "isAnnuity": false,
    "amountDue": "$1,165.38",
    "serviceCharge": "$0.00",
    "additionalPayment": "$0.00",
    "insuredList": [{
        "productList": [{
            "subjectNum": "xxxx7108",
            "totalPremium": "$110.46",
            "loanRepayment": "--",
            "allocatedDiv": "--",
            "productType": "ADJUSTABLE COMPLIFE",
            "freqPremium": "$110.46",
            "ltc1035Payment": "N/A",
            "payment": "$110.46",
            "productDetailUrl": "/InsuranceDetail?subjectNum=xxxx7108",
            "isOwnerAndRestricted": false,
            "isOwnerAndNotRestricted": true,
            "isNotOwner": false,
            "annuityCurrentValue": null,
            "valueAsOfDate": "02/15/2016",
            "isAnnuityTaxQualified": false
        }],
        "baseLegalEntityID": 32576811,
        "name": "Alaina Barrett",
        "loanRepaymentSum": "$0.00",
        "allocatedDivSum": "$0.00",
        "totalPremiumSum": "$110.46",
        "ltc1035Sum": "$0.00",
        "paymentSum": "$110.46"
    }, {
        "productList": [{
            "subjectNum": "xxxx7101",
            "totalPremium": "$112.74",
            "loanRepayment": "--",
            "allocatedDiv": "--",
            "productType": "ADJUSTABLE COMPLIFE",
            "freqPremium": "$112.74",
            "ltc1035Payment": "N/A",
            "payment": "$112.74",
            "productDetailUrl": "/InsuranceDetail?subjectNum=xxxx7101",
            "isOwnerAndRestricted": false,
            "isOwnerAndNotRestricted": true,
            "isNotOwner": false,
            "annuityCurrentValue": null,
            "valueAsOfDate": "02/15/2016",
            "isAnnuityTaxQualified": false
        }],
        "baseLegalEntityID": 32576810,
        "name": "Alaina Berger",
        "loanRepaymentSum": "$0.00",
        "allocatedDivSum": "$0.00",
        "totalPremiumSum": "$112.74",
        "ltc1035Sum": "$0.00",
        "paymentSum": "$112.74"
    }, {
        "productList": [{
            "subjectNum": "xxxx5277",
            "totalPremium": "$457.74",
            "loanRepayment": "--",
            "allocatedDiv": "$35.83",
            "productType": "TERM 80",
            "freqPremium": "$457.74",
            "ltc1035Payment": "N/A",
            "payment": "$421.91",
            "productDetailUrl": "/InsuranceDetail?subjectNum=xxxx5277",
            "isOwnerAndRestricted": false,
            "isOwnerAndNotRestricted": false,
            "isNotOwner": true,
            "annuityCurrentValue": null,
            "valueAsOfDate": "",
            "isAnnuityTaxQualified": false
        }],
        "baseLegalEntityID": 32299064,
        "name": "Gabriel A Holland",
        "loanRepaymentSum": "$0.00",
        "allocatedDivSum": "$35.83",
        "totalPremiumSum": "$457.74",
        "ltc1035Sum": "$0.00",
        "paymentSum": "$421.91"
    }, {
        "productList": [{
            "subjectNum": "xxxx7113",
            "totalPremium": "$539.37",
            "loanRepayment": "--",
            "allocatedDiv": "$19.10",
            "productType": "TERM 80",
            "freqPremium": "$539.37",
            "ltc1035Payment": "N/A",
            "payment": "$520.27",
            "productDetailUrl": "/InsuranceDetail?subjectNum=xxxx7113",
            "isOwnerAndRestricted": false,
            "isOwnerAndNotRestricted": true,
            "isNotOwner": false,
            "annuityCurrentValue": null,
            "valueAsOfDate": "02/15/2016",
            "isAnnuityTaxQualified": false
        }],
        "baseLegalEntityID": 32302827,
        "name": "Adrian Vann",
        "loanRepaymentSum": "$0.00",
        "allocatedDivSum": "$19.10",
        "totalPremiumSum": "$539.37",
        "ltc1035Sum": "$0.00",
        "paymentSum": "$520.27"
    }],
    "annuityCurrentValue": null,
    "isAnnuityTaxQualified": false,
    "valueAsOfDate": null,
    "pendingPayment": {
        "paymentDate": null,
        "paymentAmount": null,
        "confirmationNumber": null,
        "nmcPendingPayment": false,
        "maskedBankAccountNumber": null,
        "bankAccountType": null
    },
    "isRecurringISA": true,
    "paymentStatus": 4,
    "isLoanOnly": false,
    "totalLoan": 0.0,
    "shortageAmountDue": 0.00,
    "calculatedPremium": "$1,165.38",
    "nextBillAmount": "$1,165.38",
    "totalLtc1035": 0.0,
    "totalDiv": 54.93,
    "totalPremium": 1220.31,
    "isaUrl": "/billing/xxx0889"
}]
