[
  {
    "cardType": "PremiumDirectSplitPaymentPastDue",
    "frequency": "monthly",
    "isaNumber": "xxx6462",
    "dueDate": "06/05/2016",
    "dueDateAsDate": "2016-06-05T00:00:00",
    "isAnnuity": false,
    "amountDue": "$197.72",
    "serviceCharge": "$1.00",
    "additionalPayment": "$0.00",
    "insuredList": [
      {
        "productList": [
          {
            "subjectNum": "xxxx9823",
            "totalPremium": "$192.21",
            "loanRepayment": "--",
            "allocatedDiv": "--",
            "productType": "65 Life",
            "freqPremium": "$192.21",
            "ltc1035Payment": "N/A",
            "payment": "$192.21",
            "productDetailUrl": "/InsuranceDetail?subjectNum=xxxx9823",
            "isOwnerAndRestricted": false,
            "isOwnerAndNotRestricted": true,
            "isNotOwner": false,
            "annuityCurrentValue": null,
            "valueAsOfDate": "09/30/2015",
            "isAnnuityTaxQualified": false
          }
        ],
        "baseLegalEntityID": 14590461,
        "name": "Alex Ogurek",
        "loanRepaymentSum": "$0.00",
        "allocatedDivSum": "$0.00",
        "totalPremiumSum": "$192.21",
        "ltc1035Sum": "$0.00",
        "paymentSum": "$192.21"
      }
    ],
    "annuityCurrentValue": null,
    "isAnnuityTaxQualified": false,
    "valueAsOfDate": null,
    "pendingPayment": {
      "paymentDate": null,
      "paymentAmount": null,
      "confirmationNumber": null,
      "nmcPendingPayment": false,
      "maskedBankAccountNumber": null,
      "bankAccountType": null
    },
    "isRecurringISA": false,
    "paymentStatus": 2,
    "isLoanOnly": false,
    "totalLoan": 0.0,
    "shortageAmountDue": 4.51,
    "calculatedPremium": "$193.21",
    "nextBillAmount": "$193.21",
    "totalLtc1035": 0.0,
    "totalDiv": 0.0,
    "totalPremium": 192.21,
    "isaUrl": "/billing/xxx6462"
  }
]
