[{
    "companyName": "ABC Company",
    "entitlements": [{
        "marketPlanType": "Universal Life Insurance",
        "groups": [{
            "mktGrpPlanId":1231456,
            "mktGrpPlanNum": "455917",
            "mktGrpPlanNumMasked": "xxx917",
            "mktGrpPlanType": "Key Person",
            "policyCount": 216,
            "netDeathBenefitAmount": 700000.00,
            "ctFundValueAmount": 700000.00,
            "cashSurrenderValueAmount": 700000.00,
            "costBasisValueAmount": 700000.00
        }, {
            "mktGrpPlanId":1231457,
            "mktGrpPlanNum": "455937",
            "mktGrpPlanNumMasked": "xxx937",
            "mktGrpPlanType": "Death Benefit Only",
            "policyCount": 322,
            "netDeathBenefitAmount": 500000.00,
            "ctFundValueAmount": 500000.00,
            "cashSurrenderValueAmount": 500000.00,
            "costBasisValueAmount": 500000.00
        },
        {
            "mktGrpPlanId":1231458,
            "mktGrpPlanNum": "455934",
            "mktGrpPlanNumMasked": "xxx934",
            "mktGrpPlanType": "Deferred Compensation",
            "policyCount": 216,
            "netDeathBenefitAmount": 500000.00,
            "ctFundValueAmount": 500000.00,
            "cashSurrenderValueAmount": 500000.00,
            "costBasisValueAmount": 500000.00
        },
        {
            "mktGrpPlanId":1231458,
            "mktGrpPlanNum": "455932",
            "mktGrpPlanNumMasked": "xxx932",
            "mktGrpPlanType": "Key Person",
            "policyCount": 412,
            "netDeathBenefitAmount": 500000.00,
            "ctFundValueAmount": 500000.00,
            "cashSurrenderValueAmount": 500000.00,
            "costBasisValueAmount": 500000.00
        },
        {
            "mktGrpPlanId":1231459,
            "mktGrpPlanNum": "455992",
            "mktGrpPlanNumMasked": "xxx992",
            "mktGrpPlanType": "Death Benefit Only",
            "policyCount": 211,
            "netDeathBenefitAmount": 1000000.00,
            "ctFundValueAmount": 1000000.00,
            "cashSurrenderValueAmount": 1000000.00,
            "costBasisValueAmount": 1000000.00
        }],
        "netDeathBenefitTotal": 250000.00,
        "contractFundValueTotal":250000.00,
        "cashSurrenderValueTotal":250000.00,
        "costBasisValueTotal":250000.00
    }, {
        "marketPlanType": "boli",
        "groups": [{
            "mktGrpPlanId":1231459,
            "mktGrpPlanNum": "455917",
            "mktGrpPlanNumMasked": "xxx917",
            "mktGrpPlanType": "boli-1",
            "policyCount": 216,
            "netDeathBenefitAmount": 700000.00,
            "ctFundValueAmount": 700000.00,
            "cashSurrenderValueAmount": 700000.00,
            "costBasisValueAmount": 700000.00
        }, {
            "mktGrpPlanId":1231460,
            "mktGrpPlanNum": "455918",
            "mktGrpPlanNumMasked": "xxx918",
            "mktGrpPlanType": "boli-2",
            "policyCount": 217,
            "netDeathBenefitAmount": 700000.00,
            "ctFundValueAmount": 700000.00,
            "cashSurrenderValueAmount": 700000.00,
            "costBasisValueAmount": 700000.00
        }],
        "netDeathBenefitTotal": 250000.00,
        "ctFundValueTotal":250000.00,
        "cashSurrenderValueTotal":250000.00,
        "costBasisValueTotal":250000.00
    }]
}]
