[{
  "marketPlanType": "Universal Life Insurance",
  "mktGrpPlanNumMasked": "xxx00534",
  "mktGrpPlanType": "Key Person",
  "accounts": [
    {
      "accountId":1,
      "accountNumber": "12955186",
      "accountNumberMasked": "xxx00534",
      "clientName": "Abbott, George T",
      "policyDate": "12/15/2004",
      "netDeathBenefitAmount": 50000.00,
      "ctFundValueAmount": 50000.00,
      "cashSurrenderValueAmount": 50000.00,
      "costBasisValueAmount": 5000.00,
      "isVisibleToAuthRep":true
    },
    {
      "accountId":2,
      "accountNumber": "12900987",
      "accountNumberMasked": "xxxx00987",
      "clientName": "Albertson, Terry C",
      "policyDate": "2/15/1999",
      "netDeathBenefitAmount": 50000.00,
      "ctFundValueAmount": 50000.00,
      "cashSurrenderValueAmount": 50000.00,
      "costBasisValueAmount": 5000.00,
      "isVisibleToAuthRep":true
    },
    {
      "accountId":3,
      "accountNumber": "12900922",
      "accountNumberMasked": "xxxx00922",
      "clientName": "Bennett, Robert J",
      "policyDate": "3/24/1995",
      "netDeathBenefitAmount": 50000.00,
      "ctFundValueAmount": 50000.00,
      "cashSurrenderValueAmount": 50000.00,
      "costBasisValueAmount": 5000.00,
      "isVisibleToAuthRep":true
    },
    {
      "accountId":4,
      "accountNumber": "12900923",
      "accountNumberMasked": "xxxx00923",
      "clientName": "Constanza, George T",
      "policyDate": "4/15/2000",
      "netDeathBenefitAmount": 50000.00,
      "ctFundValueAmount": 50000.00,
      "cashSurrenderValueAmount": 50000.00,
      "costBasisValueAmount": 5000.00,
      "isVisibleToAuthRep":false
    },
    {
      "accountId":5,
      "accountNumber": "12900589",
      "accountNumberMasked": "xxxx00589",
      "clientName": "Carivagio, Joseph P",
      "policyDate": "12/20/1989",
      "netDeathBenefitAmount": 50000.00,
      "ctFundValueAmount": 50000.00,
      "cashSurrenderValueAmount": 50000.00,
      "costBasisValueAmount": 5000.00,
      "isVisibleToAuthRep":false
    },
    {
      "accountId":6,
      "accountNumber": "12900119",
      "accountNumberMasked": "xxxx00119",
      "clientName": "Edwards, Harris B",
      "policyDate": "10/15/2001",
      "netDeathBenefitAmount": 50000.00,
      "ctFundValueAmount": 50000.00,
      "cashSurrenderValueAmount": 50000.00,
      "costBasisValueAmount": 5000.00,
      "isVisibleToAuthRep":false
    },
    {
      "accountId":7,
      "accountNumber": "12900921",
      "accountNumberMasked": "xxxx00921",
      "clientName": "Ellisnore, Nancy O",
      "policyDate": "3/24/1995",
      "netDeathBenefitAmount": 50000.00,
      "ctFundValueAmount": 50000.00,
      "cashSurrenderValueAmount": 50000.00,
      "costBasisValueAmount": 5000.00,
      "isVisibleToAuthRep":false
    },
    {
      "accountId":8,
      "accountNumber": "12900549",
      "accountNumberMasked": "xxxx00549",
      "clientName": "Franklin, Victor K",
      "policyDate": "4/15/2000",
      "netDeathBenefitAmount": 50000.00,
      "ctFundValueAmount": 50000.00,
      "cashSurrenderValueAmount": 50000.00,
      "costBasisValueAmount": 5000.00,
      "isVisibleToAuthRep":false
    }

  ],
  "netDeathBenefitTotal": 50000.00,
  "ctFundValueTotal": 50000.00,
  "cashSurrenderValueTotal": 50000.00,
  "costBasisValueTotal": 5000.00
}]

