{
  "swagger": "2.0",
  "info": {
    "version": "1.0.0",
    "title": "LV Integration Hub - Business Experience Service",
    "description": "Microservice to provide the bx summary for a client"
  },
  "host": "api.nmlv.nml.com",
  "basePath": "/v1",
  "schemes": [
    "http",
    "https"
  ],
  "consumes": [
    "application/json"
  ],
  "produces": [
    "application/json"
  ],
  "paths": {
    "/business/groups/health": {
      "get": {
        "summary": "Returns health of the service",
        "parameters": [
          {
            "name": "apikey",
            "in": "header",
            "type": "string",
            "description": "apikey that allows access to the service"
          }
        ],
        "responses": {
          "200": {
            "description": "Returns health of the service",
            "schema": {
              "$ref": "#/definitions/healthResponse"
            }
          },
          "500": {
            "description": "internal service error",
            "schema": {
              "properties": {
                "msg": {
                  "description": "error description text",
                  "type": "string"
                }
              }
            }
          }
        }
      }
    },
    "/business/groups/doc": {
      "get": {
        "summary": "Returns swagger doc of the service",
        "parameters": [],
        "responses": {
          "200": {
            "description": "Returns doc of the service"
          }
        }
      }
    },
    "/business/groups/:nmUniqueId": {
      "get": {
        "summary": "Get groups information",
        "parameters": [
          {
            "name": "apikey",
            "in": "header",
            "type": "string",
            "description": "apikey that allows access to the service",
            "required": true
          },
          {
            "name": "x-nm-login-id",
            "in": "header",
            "type": "string",
            "description": "loginId of the client",
            "required": true
          },
          {
            "name": "nmUniqueId",
            "in": "path",
            "type": "string",
            "description": "nmUniqueId of the user",
            "required": true
          }
        ],
        "responses": {
          "200": {
            "description": "Returns Group Info",
            "schema": {
              "type": "object",
              "properties": {
                "marketPlanType": {
                  "type": "string"
                },
                "mktGrpPlanNumMasked": {
                  "type": "string"
                },
                "mktGrpPlanType": {
                  "type": "string"
                },
                "Accounts": {
                  "type": "array",
                  "items": {
                    "$ref": "#/definitions/Account"
                  }
                },
                "netDeathBenefitTotal": {
                  "type": "number",
                  "format": "float",
                  "minimum": 0
                },
                "netContractFundValueTotal": {
                  "type": "number",
                  "format": "float",
                  "minimum": 0
                },
                "cashSurrenderValueTotal": {
                  "type": "number",
                  "format": "float",
                  "minimum": 0
                },
                "costBasisValueTotal": {
                  "type": "number",
                  "format": "float",
                  "minimum": 0
                }
              }
            }
          },
          "500": {
            "description": "internal service error",
            "schema": {
              "properties": {
                "msg": {
                  "description": "error description text",
                  "type": "string"
                }
              }
            }
          }
        }
      }
    }
  },
  "/business/groups/:groupId/accounts": {
      "get": {
        "summary": "Get groups Detail information",
        "parameters": [
          {
            "name": "apikey",
            "in": "header",
            "type": "string",
            "description": "apikey that allows access to the service",
            "required": true
          },
          {
            "name": "groupId",
            "in": "path",
            "type": "string",
            "description": "Group Id",
            "required": true
          },
          {
            "name": "x-nm-nm_uid",
            "in": "header",
            "type": "string",
            "description": "nmUniqueId of the logged in Authorised Representative",
            "required": true
          }
        ],
        "responses": {
          "200": {
            "description": "Returns Group Details",
            "schema": {
              "type": "object",
              "properties": {
                "marketPlanType": {
                  "type": "string"
                },
                "mktGrpPlanNumMasked": {
                  "type": "string"
                },
                "mktGrpPlanType": {
                  "type": "string"
                },
                "Accounts": {
                  "type": "array",
                  "items": {
                    "$ref": "#/definitions/Account"
                  }
                },
                "netDeathBenefitTotal": {
                  "type": "number",
                  "format": "float",
                  "minimum": 0
                },
                "netContractFundValueTotal": {
                  "type": "number",
                  "format": "float",
                  "minimum": 0
                },
                "cashSurrenderValueTotal": {
                  "type": "number",
                  "format": "float",
                  "minimum": 0
                },
                "costBasisValueTotal": {
                  "type": "number",
                  "format": "float",
                  "minimum": 0
                }
              }
            }
          },
          "500": {
            "description": "internal service error",
            "schema": {
              "properties": {
                "msg": {
                  "description": "error description text",
                  "type": "string"
                }
              }
            }
          }
        }
      }
  },
  "definitions": {
    "healthResponse": {
      "properties": {
        "NodeHost": {
          "description": "node hostname for the service that made the response",
          "type": "string"
        }
      }
    },
    "groupsInfoResponse": {
      "info1": {
        "description": "group info response",
        "type": "integer",
        "format": "int32"
      }
    },
    "Group": {
      "marketPlanType": {
        "type": "string"
      },
      "mktGrpPlanId": {
        "type": "string"
      },
      "mktGrpPlanNum": {
        "type": "string"
      },
      "mktGrpPlanNumMasked": {
        "type": "string"
      },
      "mktGrpPlanType": {
        "type": "string"
      }
    },
    "Account": {
      "accountNumber": {
        "type": "string"
      },
      "accountNumberMasked": {
        "type": "string"
      },
      "clientName": {
        "type": "string"
      },
      "policyDate": {
        "type": "string",
        "format": "date"
      },
      "netDeathBenefitAmount": {
        "type": "number",
        "format": "float",
        "minimum": 0
      },
      "netContractFundValue": {
        "type": "number",
        "format": "float",
        "minimum": 0
      },
      "cashSurrenderValueAmount": {
        "type": "number",
        "format": "float",
        "minimum": 0
      },
      "costBasisValueAmount": {
        "type": "number",
        "format": "float",
        "minimum": 0
      }
    }
  }
}
