{
    "linkingItems" : [
        {
            "actionText": "Connect all of your financial accounts to see your complete financial picture.",
            "buttonText": "Add Accounts",
            "href": "/accounts/linking",
            "type": "accounts",
            "actionId": "ACCT-1",
            "priority": 3
        }
    ],
    "authRepClient": [
        {
            "actionText": "You currently have access to your personally owned products and products recently purchased on behalf of your organization. Decide how you want to manage these accounts.",
            "buttonText": "Manage Accounts",
            "href": "/#",
            "type": "authrep",
            "actionId": "REP-1",
            "priority": 4
        }
    ],
    "authRepBiz": [
        {
            "actionText": "You currently have access to your organization’s products and recently purchased personally owned products. Decide how you want to manage these accounts.",
            "buttonText": "Manage Accounts",
            "href": "/#",
            "type": "authrep",
            "actionId": "REP-2",
            "priority": 4
        }
    ],
    "maskedItems": [
        {
            "actionText": "<strong>Your $670.82 payment is due 2/1/2014</strong><br/> Insurance Service Account xxxx.",
            "buttonText": "Pay Now",
            "href": "/billing/xxxx",
            "type": "payments",
            "actionId": "ISA-1",
            "priority": 0
        },
        {
            "actionText": "Choose eDelivery for your documents and stop having paper copies mailed to you.",
            "buttonText": "Go Paperless",
            "href": "/docdelivery",
            "type": "paperless",
            "actionId": "PL-1",
            "priority": 2
        }
    ]
}
