[
  {
    "cardType": "AnnuityRecurringAddlContributionScheduled",
    "frequency": "monthly",
    "isaNumber": "xxx1711",
    "dueDate": "04/20/2016",
    "dueDateAsDate": "2016-04-20T00:00:00",
    "isAnnuity": true,
    "amountDue": "$500.00",
    "serviceCharge": "$0.00",
    "additionalPayment": "$0.00",
    "insuredList": [
      {
        "productList": [
          {
            "subjectNum": "xxxx4830",
            "totalPremium": "$500.00",
            "loanRepayment": "--",
            "allocatedDiv": "--",
            "productType": "Personal Annuity",
            "freqPremium": "$500.00",
            "ltc1035Payment": "N/A",
            "payment": "$500.00",
            "productDetailUrl": "/InvestmentDetail?subjectNum=xxxx4830",
            "isOwnerAndRestricted": false,
            "isOwnerAndNotRestricted": true,
            "isNotOwner": false,
            "annuityCurrentValue": null,
            "valueAsOfDate": "06/30/2015",
            "isAnnuityTaxQualified": false
          }
        ],
        "baseLegalEntityID": 14176547,
        "name": "Gwen Paventy",
        "loanRepaymentSum": "$0.00",
        "allocatedDivSum": "$0.00",
        "totalPremiumSum": "$500.00",
        "ltc1035Sum": "$0.00",
        "paymentSum": "$500.00"
      }
    ],
    "annuityCurrentValue": null,
    "isAnnuityTaxQualified": false,
    "valueAsOfDate": "06/30/2015",
    "pendingPayment": {
      "paymentDate": "07/25/2016",
      "paymentAmount": "$500.00",
      "confirmationNumber": "C2D114BF0B70E80CB6",
      "nmcPendingPayment": true,
      "maskedBankAccountNumber": "*****6465",
      "bankAccountType": "Checking"
    },
    "isRecurringISA": true,
    "paymentStatus": 5,
    "isLoanOnly": false,
    "totalLoan": 0.0,
    "shortageAmountDue": 0.00,
    "calculatedPremium": "$500.00",
    "nextBillAmount": "$500.00",
    "totalLtc1035": 0.0,
    "totalDiv": 0.0,
    "totalPremium": 500.0,
    "isaUrl": "/billing/xxx1711"
  }
]
