[
  {
    "cardType": "AnnuityDirectScheduled",
    "frequency": "monthly",
    "isaNumber": "xxx8631",
    "dueDate": "04/16/2016",
    "dueDateAsDate": "2016-04-16T00:00:00",
    "isAnnuity": true,
    "amountDue": "$25.00",
    "serviceCharge": "$0.00",
    "additionalPayment": "$0.00",
    "insuredList": [
      {
        "productList": [
          {
            "subjectNum": "xxxx0896",
            "totalPremium": "$0.00",
            "loanRepayment": "--",
            "allocatedDiv": "--",
            "productType": "Individual Retirement Annuity (IRA)",
            "freqPremium": "--",
            "ltc1035Payment": "N/A",
            "payment": "$0.00",
            "productDetailUrl": "/InsuranceDetail?subjectNum=xxxx0896",
            "isOwnerAndRestricted": false,
            "isOwnerAndNotRestricted": false,
            "isNotOwner": true,
            "annuityCurrentValue": null,
            "valueAsOfDate": "",
            "isAnnuityTaxQualified": false
          }
        ],
        "baseLegalEntityID": 7400789,
        "name": "Dr Ping A Han Hsu",
        "loanRepaymentSum": "$0.00",
        "allocatedDivSum": "$0.00",
        "totalPremiumSum": "$0.00",
        "ltc1035Sum": "$0.00",
        "paymentSum": "$0.00"
      }
    ],
    "annuityCurrentValue": null,
    "isAnnuityTaxQualified": false,
    "valueAsOfDate": "",
    "pendingPayment": {
      "paymentDate": "07/26/2016",
      "paymentAmount": "$100.00",
      "confirmationNumber": "C2D1196B525499BB36",
      "nmcPendingPayment": true,
      "maskedBankAccountNumber": "*****6789",
      "bankAccountType": "Checking"
    },
    "isRecurringISA": false,
    "paymentStatus": 5,
    "isLoanOnly": false,
    "totalLoan": 0.0,
    "shortageAmountDue": 0.00,
    "calculatedPremium": "$25.00",
    "nextBillAmount": "$0.00",
    "totalLtc1035": 0.0,
    "totalDiv": 0.0,
    "totalPremium": 0.0,
    "isaUrl": "/billing/xxx8631"
  }
]
