[
  {
    "cardType": "DirectShortageDue",
    "frequency": "semi-annual",
    "isaNumber": "xxx0023",
    "dueDate": "08/28/2016",
    "dueDateAsDate": "2016-08-28T00:00:00",
    "isAnnuity": false,
    "amountDue": "$17.10",
    "serviceCharge": "$0.00",
    "additionalPayment": "$0.00",
    "insuredList": [
      {
        "productList": [
          {
            "subjectNum": "xxxx9037",
            "totalPremium": "$1,076.53",
            "loanRepayment": "--",
            "allocatedDiv": "--",
            "productType": "Level Term 10",
            "freqPremium": "$1,076.53",
            "ltc1035Payment": "N/A",
            "payment": "$1,076.53",
            "productDetailUrl": "/InsuranceDetail?subjectNum=xxxx9037",
            "isOwnerAndRestricted": false,
            "isOwnerAndNotRestricted": true,
            "isNotOwner": false,
            "annuityCurrentValue": null,
            "valueAsOfDate": "09/30/2015",
            "isAnnuityTaxQualified": false
          },
          {
            "subjectNum": "xxxx9018",
            "totalPremium": "$787.59",
            "loanRepayment": "--",
            "allocatedDiv": "--",
            "productType": "Whole Life",
            "freqPremium": "$787.59",
            "ltc1035Payment": "N/A",
            "payment": "$787.59",
            "productDetailUrl": "/InsuranceDetail?subjectNum=xxxx9018",
            "isOwnerAndRestricted": false,
            "isOwnerAndNotRestricted": true,
            "isNotOwner": false,
            "annuityCurrentValue": null,
            "valueAsOfDate": "09/30/2015",
            "isAnnuityTaxQualified": false
          },
          {
            "subjectNum": "xxxx0846",
            "totalPremium": "$927.47",
            "loanRepayment": "--",
            "allocatedDiv": "--",
            "productType": "Level Term 20",
            "freqPremium": "$927.47",
            "ltc1035Payment": "N/A",
            "payment": "$927.47",
            "productDetailUrl": "/InsuranceDetail?subjectNum=xxxx0846",
            "isOwnerAndRestricted": false,
            "isOwnerAndNotRestricted": true,
            "isNotOwner": false,
            "annuityCurrentValue": null,
            "valueAsOfDate": "09/30/2015",
            "isAnnuityTaxQualified": false
          }
        ],
        "baseLegalEntityID": 14590419,
        "name": "John D Robinson",
        "loanRepaymentSum": "$0.00",
        "allocatedDivSum": "$0.00",
        "totalPremiumSum": "$2,791.59",
        "ltc1035Sum": "$0.00",
        "paymentSum": "$2,791.59"
      }
    ],
    "annuityCurrentValue": null,
    "isAnnuityTaxQualified": false,
    "valueAsOfDate": null,
    "pendingPayment": {
      "paymentDate": null,
      "paymentAmount": null,
      "confirmationNumber": null,
      "nmcPendingPayment": false,
      "maskedBankAccountNumber": null,
      "bankAccountType": null
    },
    "isRecurringISA": false,
    "paymentStatus": 2,
    "isLoanOnly": false,
    "totalLoan": 0.0,
    "shortageAmountDue": 17.10,
    "calculatedPremium": "$0.00",
    "nextBillAmount": "$2,791.59",
    "totalLtc1035": 0.0,
    "totalDiv": 0.0,
    "totalPremium": 2791.59,
    "isaUrl": "/billing/xxx0023"
  }
]
