[
  {
    "cardType": "PremiumDirectPastDue",
    "frequency": "monthly",
    "isaNumber": "xxx2442",
    "dueDate": "05/08/2016",
    "dueDateAsDate": "2016-05-08T00:00:00",
    "isAnnuity": false,
    "amountDue": "$795.63",
    "serviceCharge": "$1.00",
    "additionalPayment": "$0.00",
    "insuredList": [
      {
        "productList": [
          {
            "subjectNum": "xxxx5606",
            "totalPremium": "$75.69",
            "loanRepayment": "--",
            "allocatedDiv": "--",
            "productType": "TERM 80",
            "freqPremium": "$75.69",
            "ltc1035Payment": "N/A",
            "payment": "$75.69",
            "productDetailUrl": "/InsuranceDetail?subjectNum=xxxx5606",
            "isOwnerAndRestricted": false,
            "isOwnerAndNotRestricted": true,
            "isNotOwner": false,
            "annuityCurrentValue": null,
            "valueAsOfDate": "06/26/2014",
            "isAnnuityTaxQualified": false
          },
          {
            "subjectNum": "xxxx0825",
            "totalPremium": "$204.45",
            "loanRepayment": "--",
            "allocatedDiv": "--",
            "productType": "ADJUSTABLE COMPLIFE",
            "freqPremium": "$204.45",
            "ltc1035Payment": "N/A",
            "payment": "$204.45",
            "productDetailUrl": "/InsuranceDetail?subjectNum=xxxx0825",
            "isOwnerAndRestricted": false,
            "isOwnerAndNotRestricted": true,
            "isNotOwner": false,
            "annuityCurrentValue": null,
            "valueAsOfDate": "06/26/2014",
            "isAnnuityTaxQualified": false
          },
          {
            "subjectNum": "xxxx9541",
            "totalPremium": "$522.00",
            "loanRepayment": "--",
            "allocatedDiv": "--",
            "productType": "ADJUSTABLE COMPLIFE",
            "freqPremium": "$522.00",
            "ltc1035Payment": "N/A",
            "payment": "$522.00",
            "productDetailUrl": "/InsuranceDetail?subjectNum=xxxx9541",
            "isOwnerAndRestricted": false,
            "isOwnerAndNotRestricted": true,
            "isNotOwner": false,
            "annuityCurrentValue": null,
            "valueAsOfDate": "06/26/2014",
            "isAnnuityTaxQualified": false
          }
        ],
        "baseLegalEntityID": 10948672,
        "name": "John W Cox",
        "loanRepaymentSum": "$0.00",
        "allocatedDivSum": "$0.00",
        "totalPremiumSum": "$802.14",
        "ltc1035Sum": "$0.00",
        "paymentSum": "$802.14"
      }
    ],
    "annuityCurrentValue": null,
    "isAnnuityTaxQualified": false,
    "valueAsOfDate": null,
    "pendingPayment": {
      "paymentDate": null,
      "paymentAmount": null,
      "confirmationNumber": null,
      "nmcPendingPayment": false,
      "maskedBankAccountNumber": null,
      "bankAccountType": null
    },
    "isRecurringISA": false,
    "paymentStatus": 3,
    "isLoanOnly": false,
    "totalLoan": 0.0,
    "shortageAmountDue": 0.00,
    "calculatedPremium": "$795.63",
    "nextBillAmount": "$803.14",
    "totalLtc1035": 0.0,
    "totalDiv": 0.0,
    "totalPremium": 802.14,
    "isaUrl": "/billing/xxx2442"
  }]
