[
  {
    "cardType": "RecurringShortageDue",
    "frequency": "monthly",
    "isaNumber": "xxx4887",
    "dueDate": "01/16/2016",
    "dueDateAsDate": "2016-01-16T00:00:00",
    "isAnnuity": false,
    "amountDue": "$138.48",
    "serviceCharge": "$0.00",
    "additionalPayment": "$0.00",
    "insuredList": [
      {
        "productList": [
          {
            "subjectNum": "xxxx9540",
            "totalPremium": "$194.82",
            "loanRepayment": "--",
            "allocatedDiv": "--",
            "productType": "ADJUSTABLE COMPLIFE",
            "freqPremium": "$194.82",
            "ltc1035Payment": "N/A",
            "payment": "$194.82",
            "productDetailUrl": "/InsuranceDetail?subjectNum=xxxx9540",
            "isOwnerAndRestricted": false,
            "isOwnerAndNotRestricted": true,
            "isNotOwner": false,
            "annuityCurrentValue": null,
            "valueAsOfDate": "12/08/2015",
            "isAnnuityTaxQualified": false
          },
          {
            "subjectNum": "xxxx6117",
            "totalPremium": "$59.56",
            "loanRepayment": "--",
            "allocatedDiv": "--",
            "productType": "TERM 80",
            "freqPremium": "$59.56",
            "ltc1035Payment": "N/A",
            "payment": "$59.56",
            "productDetailUrl": "/InsuranceDetail?subjectNum=xxxx6117",
            "isOwnerAndRestricted": false,
            "isOwnerAndNotRestricted": true,
            "isNotOwner": false,
            "annuityCurrentValue": null,
            "valueAsOfDate": "12/08/2015",
            "isAnnuityTaxQualified": false
          }
        ],
        "baseLegalEntityID": 61359638,
        "name": "Ana Maria Boracchia",
        "loanRepaymentSum": "$0.00",
        "allocatedDivSum": "$0.00",
        "totalPremiumSum": "$254.38",
        "ltc1035Sum": "$0.00",
        "paymentSum": "$254.38"
      }
    ],
    "annuityCurrentValue": null,
    "isAnnuityTaxQualified": false,
    "valueAsOfDate": null,
    "pendingPayment": {
      "paymentDate": null,
      "paymentAmount": null,
      "confirmationNumber": null,
      "nmcPendingPayment": false,
      "maskedBankAccountNumber": null,
      "bankAccountType": null
    },
    "isRecurringISA": true,
    "paymentStatus": 2,
    "isLoanOnly": false,
    "totalLoan": 0.0,
    "shortageAmountDue": "$138.48",
    "calculatedPremium": "$0.00",
    "nextBillAmount": "$254.38",
    "totalLtc1035": 0.0,
    "totalDiv": 0.0,
    "totalPremium": 254.38,
    "isaUrl": "/billing/xxx4887"
  }
]
