{
    "assetPath": "http://localhost:8081/summary/assets",
    "basePath": "/summary",
    "clientCrossOriginUrls": {
        "accepttermsUrl": "https://nmcint.northwesternmutual.com/api/TermsAndConditions/AcceptTermsAndConditions",
        "actionsUrl": "https://nmcint.northwesternmutual.com/api/actions",
        "billingUrl": "https://nmcint.northwesternmutual.com/api/isa",
        "footnotesUrl": "https://nmcint.northwesternmutual.com/api/footnote",
        "messagesUrl": "https://nmcint.northwesternmutual.com/api/message",
        "seiUrl": "https://northwesternmutual.cconnect.com/",
        "termsUrl": "https://nmcint.northwesternmutual.com/api/TermsAndConditions/getTermsJson"
    },
    "domains": {
        "folders": "http://folders.int.plan.learnvest.net",
        "networth": "http://networth.int.plan.learnvest.net",
        "nmc": "https://nmcint.northwesternmutual.com",
        "nmlvhub": "https://api-int.nmlv.nml.com",
        "plan": "https://int.plan.northwesternmutual.com",
        "txservice": "http://txservice.int.plan.learnvest.net",
        "cookie": ""
    },
    "file": "development-int",
    "logFormat": "string",
    "workInProgress": {
        "netWorth": true,
        "splitInsInv": true,
        "project24": true
    }
}
