{
    "assetPath": "http://localhost:8081/summary/assets",
    "basePath": "/summary",
    "clientCrossOriginUrls": {
        "accepttermsUrl": "http://localhost:8090/mock/api/TermsAndConditions/AcceptTermsAndConditions",
        "actionsUrl": "http://localhost:8090/mock/api/actions",
        "billingUrl": "http://localhost:8090/mock/api/billing",
        "footnotesUrl": "http://localhost:8090/mock/api/footnote",
        "messagesUrl": "http://localhost:8090/mock/api/message",
        "seiUrl": "https://northwesternmutual.cconnect.com/",
        "termsUrl": "http://localhost:8090/mock/api/TermsAndConditions/getTermsJson"
    },
    "domains": {
        "folders": "http://localhost:8090/mock/api",
        "networth": "http://localhost:8090/mock/api",
        "nmc": "http://localhost:8090/mock/",
        "nmlvhub": "http://localhost:8090/mock/api",
        "plan": "http://localhost:8080",
        "txservice": "http://localhost:8090/mock/api",
        "cookie": ""
    },
    "file": "development",
    "logFormat": "string",
    "workInProgress": {
        "netWorth": true,
        "splitInsInv": true,
        "project24": true
    }
}
