{
    "assetPath": "/summary/assets",
    "basePath": "/summary",
    "clientCrossOriginUrls": {
        "accepttermsUrl": "https://nmc.northwesternmutual.com/api/TermsAndConditions/AcceptTermsAndConditions",
        "actionsUrl": "https://nmc.northwesternmutual.com/api/actions",
        "billingUrl": "https://nmc.northwesternmutual.com/api/isa",
        "footnotesUrl": "https://nmc.northwesternmutual.com/api/footnote",
        "messagesUrl": "https://nmc.northwesternmutual.com/api/message",
        "seiUrl": "https://northwesternmutual.cconnect.com/",
        "termsUrl": "https://nmc.northwesternmutual.com/api/TermsAndConditions/getTermsJson"
    },
    "domains": {
        "folders": "http://folders:3000",
        "networth": "http://networth:3000",
        "nmc": "https://nmc.northwesternmutual.com",
        "nmlvhub": "http://nmapi",
        "plan": "https://plan.northwesternmutual.com",
        "txservice": "http://txservice:8080",
        "cookie": ".northwesternmutual.com"
    },
    "file": "production",
    "logFormat": "json",
    "workInProgress": {
      "netWorth": false,
      "splitInsInv": false,
      "project24": false
    }
}
