<SOAP-ENV:Envelope xmlns:soapenv="http://schemas.xmlsoap.org/soap/envelope/" xmlns:exec="http://nml.com/services/information/client/customerRelationship/domain/ExecuteRegistrationRulesV5" xmlns:SOAP-ENV="http://schemas.xmlsoap.org/soap/envelope/">
   <SOAP-ENV:Body>
      <ExecuteRegistrationRulesV5Response xmlns="http://nml.com/services/information/client/customerRelationship/domain/RegistrationRulesV5">
         <Registration_Rules_V5 xmlns="">
            <operation_header_area>
               <MsgClientOperId>BAR4992</MsgClientOperId>
               <MsgSenderApplId>KLREGWS</MsgSenderApplId>
            </operation_header_area>
            <legal_entity>
               <legal_entity_id>1300856588</legal_entity_id>
               <leg_ent_id_src_cde>1</leg_ent_id_src_cde>
               <leg_ent_type_cde>2</leg_ent_type_cde>
               <client_identity>
                  <uuid>0123c174-1b39-4835-afad-549b1ebd98be</uuid>
                  <nm_unique_id>NUFBAEC52</nm_unique_id>
                  <operator_id>cxidseppers750</operator_id>
                  <user_id_type>01</user_id_type>
               </client_identity>
               <client_identity>
                  <uuid>3f134596-b683-454e-b3f4-ac436b30ff4e</uuid>
                  <nm_unique_id>KKGBJGDC7</nm_unique_id>
                  <operator_id>cxidsepbus750</operator_id>
                  <user_id_type>02</user_id_type>
               </client_identity>
               <email_nam>gotamsharma@northwesternmutual.com</email_nam>
            </legal_entity>
            <msg_status_cde>3</msg_status_cde>
            <personal_status_cde>2</personal_status_cde>
            <business_status_cde>0</business_status_cde>
            <ex_user_msg_txt>ALREADY ENROLLED</ex_user_msg_txt>
         </Registration_Rules_V5>
      </ExecuteRegistrationRulesV5Response>
   </SOAP-ENV:Body>
</SOAP-ENV:Envelope>
