<SOAP-ENV:Envelope xmlns:soapenv="http://schemas.xmlsoap.org/soap/envelope/" xmlns:exec="http://nml.com/services/information/client/customerRelationship/domain/ExecuteRegistrationRulesV5" xmlns:SOAP-ENV="http://schemas.xmlsoap.org/soap/envelope/">
   <SOAP-ENV:Body>
      <SOAP-ENV:Fault>
         <faultcode>SOAP-ENV:Server</faultcode>
         <faultstring>N KLREG05001 LEGAL_ENTITY_ID NOT FOUND</faultstring>
         <detail>
            <ati:GeneralApplicationFault xmlns="http://www.northwesternmutual.com/faults" xmlns:ati="http://www.northwesternmutual.com/faults">LEGAL_ENTITY_ID 0007193569 001 KDEC.FSI N KDEC.TISMSG KL: OCCURRENCE NOT FOUND</ati:GeneralApplicationFault>
         </detail>
      </SOAP-ENV:Fault>
   </SOAP-ENV:Body>
</SOAP-ENV:Envelope>
