<soapenv:Header>
    <wsa:EndpointReference xmlns:wsa="http://www.w3.org/2005/08/addressing">
        <wsa:Address><%= address %></wsa:Address>
        <wsa:ReferenceParameters>
            <gep63:consumerIdentifier xmlns:gep63="http://www.ibm.com/xmlns/prod/serviceregistry/profile/v6r3/GovernanceEnablementModel"><%= consumerID %></gep63:consumerIdentifier>
            <gep63:contextIdentifier xmlns:gep63="http://www.ibm.com/xmlns/prod/serviceregistry/profile/v6r3/GovernanceEnablementModel"><%= namespace %></gep63:contextIdentifier>
        </wsa:ReferenceParameters>
    </wsa:EndpointReference>
    <wsse:Security xmlns:wsse="http://docs.oasis-open.org/wss/2004/01/oasis-200401-wss-wssecurity-secext-1.0.xsd" xmlns:wsu="http://docs.oasis-open.org/wss/2004/01/oasis-200401-wss-wssecurity-utility-1.0.xsd">
        <wsse:UsernameToken wsu:Id="UsernameToken-1">
            <wsse:Username><%= genericIdUsername %></wsse:Username>
            <wsse:Password Type="http://docs.oasis-open.org/wss/2004/01/oasis-200401-wss-username-token-profile-1.0#PasswordText"><%= genericIdPassword %></wsse:Password>
        </wsse:UsernameToken>
    </wsse:Security>
</soapenv:Header>
