<?xml version="1.0" encoding="UTF-8" standalone="no"?>
<definitions xmlns="http://schemas.xmlsoap.org/wsdl/" xmlns:reqns="http://nml.com/services/information/client/customerRelationship/domain/ExecuteRegistrationRulesV5" xmlns:resns="http://nml.com/services/information/client/customerRelationship/domain/RegistrationRulesV5" xmlns:soap="http://schemas.xmlsoap.org/wsdl/soap/" xmlns:tns="http://nml.com/services/information/client/customerRelationship/ExecuteRegistrationRulesV5" xmlns:xsd="http://www.w3.org/2001/XMLSchema" targetNamespace="http://nml.com/services/information/client/customerRelationship/ExecuteRegistrationRulesV5">
  <types>
    <xsd:schema xmlns:tns="http://nml.com/services/information/client/customerRelationship/domain/ExecuteRegistrationRulesV5" targetNamespace="http://nml.com/services/information/client/customerRelationship/domain/ExecuteRegistrationRulesV5">
      <xsd:annotation>
        <xsd:documentation source="http://www.ibm.com/software/htp/cics/annotations">This schema was generated by the CICS Web services assistant.</xsd:documentation>
      </xsd:annotation>
      <xsd:annotation>
        <xsd:appinfo source="http://www.ibm.com/software/htp/cics/annotations">
			com.ibm.cics.wsdl.properties.mappingLevel=3.0</xsd:appinfo>
      </xsd:annotation>
      <xsd:complexType abstract="false" block="#all" final="#all" mixed="false" name="ExecuteRegistrationRulesV5Request">
        <xsd:sequence>
          <xsd:element name="Execute_Registration_Rules_V5" nillable="false">
            <xsd:complexType mixed="false">
              <xsd:sequence>
                <xsd:element name="operation_header_area" nillable="false">
                  <xsd:complexType mixed="false">
                    <xsd:sequence>
                      <xsd:element name="MsgClientOperId" nillable="false">
                        <xsd:simpleType>
                          <xsd:annotation>
                            <xsd:appinfo source="http://www.ibm.com/software/htp/cics/annotations">
													com.ibm.cics.wsdl.properties.charlength=fixed</xsd:appinfo>
                          </xsd:annotation>
                          <xsd:restriction base="xsd:string">
                            <xsd:minLength value="1"/>
                            <xsd:maxLength value="20"/>
                            <xsd:whiteSpace value="collapse"/>
                          </xsd:restriction>
                        </xsd:simpleType>
                      </xsd:element>
                      <xsd:element name="MsgSenderApplId" nillable="false">
                        <xsd:simpleType>
                          <xsd:annotation>
                            <xsd:appinfo source="http://www.ibm.com/software/htp/cics/annotations">
													com.ibm.cics.wsdl.properties.charlength=fixed</xsd:appinfo>
                          </xsd:annotation>
                          <xsd:restriction base="xsd:string">
                            <xsd:minLength value="1"/>
                            <xsd:maxLength value="20"/>
                            <xsd:whiteSpace value="collapse"/>
                          </xsd:restriction>
                        </xsd:simpleType>
                      </xsd:element>
                    </xsd:sequence>
                  </xsd:complexType>
                </xsd:element>
                <xsd:element name="key_info" nillable="false">
                  <xsd:complexType mixed="false">
                    <xsd:sequence>
                      <xsd:element name="rule_set_type_cde" nillable="false">
                        <xsd:simpleType>
                          <xsd:annotation>
                            <xsd:appinfo source="http://www.ibm.com/software/htp/cics/annotations">
													com.ibm.cics.wsdl.properties.charlength=fixed</xsd:appinfo>
                            <xsd:documentation>
												1 = self-registration using subjectNum, TIN, firstname, lastname, etc.
												2 = registration using LegalEntityId and LegEntIdSrcCde
												3 = self-registration using subjectNum and clnt_pref_pin_num
												4 = self-registration using invitation code
												5 = forgot user name
											  </xsd:documentation>
                          </xsd:annotation>
                          <xsd:restriction base="xsd:short"/>
                        </xsd:simpleType>
                      </xsd:element>
                      <xsd:element minOccurs="0" name="subject_num" nillable="false">
                        <xsd:simpleType>
                          <xsd:annotation>
                            <xsd:appinfo source="http://www.ibm.com/software/htp/cics/annotations">
													com.ibm.cics.wsdl.properties.charlength=fixed</xsd:appinfo>
                          </xsd:annotation>
                          <xsd:restriction base="xsd:string">
                            <xsd:minLength value="1"/>
                            <xsd:maxLength value="20"/>
                            <xsd:whiteSpace value="collapse"/>
                          </xsd:restriction>
                        </xsd:simpleType>
                      </xsd:element>
                      <xsd:element minOccurs="0" name="invitation_cde" nillable="false">
                        <xsd:simpleType>
                          <xsd:annotation>
                            <xsd:appinfo source="http://www.ibm.com/software/htp/cics/annotations">
													com.ibm.cics.wsdl.properties.charlength=fixed</xsd:appinfo>
                          </xsd:annotation>
                          <xsd:restriction base="xsd:string">
                            <xsd:minLength value="1"/>
                            <xsd:maxLength value="18"/>
                            <xsd:whiteSpace value="collapse"/>
                          </xsd:restriction>
                        </xsd:simpleType>
                      </xsd:element>
                      <xsd:element minOccurs="0" name="legal_entity_id" nillable="false">
                        <xsd:simpleType>
                          <xsd:restriction base="xsd:int"/>
                        </xsd:simpleType>
                      </xsd:element>
                      <xsd:element minOccurs="0" name="leg_ent_id_src_cde" nillable="false">
                        <xsd:simpleType>
                          <xsd:restriction base="xsd:short"/>
                        </xsd:simpleType>
                      </xsd:element>
                      <xsd:element minOccurs="0" name="person_first_nam" nillable="false">
                        <xsd:simpleType>
                          <xsd:annotation>
                            <xsd:appinfo source="http://www.ibm.com/software/htp/cics/annotations">
													com.ibm.cics.wsdl.properties.charlength=fixed</xsd:appinfo>
                          </xsd:annotation>
                          <xsd:restriction base="xsd:string">
                            <xsd:maxLength value="20"/>
                            <xsd:whiteSpace value="collapse"/>
                          </xsd:restriction>
                        </xsd:simpleType>
                      </xsd:element>
                      <xsd:element minOccurs="0" name="person_last_nam" nillable="false">
                        <xsd:simpleType>
                          <xsd:annotation>
                            <xsd:appinfo source="http://www.ibm.com/software/htp/cics/annotations">
													com.ibm.cics.wsdl.properties.charlength=fixed</xsd:appinfo>
                          </xsd:annotation>
                          <xsd:restriction base="xsd:string">
                            <xsd:maxLength value="30"/>
                            <xsd:whiteSpace value="collapse"/>
                          </xsd:restriction>
                        </xsd:simpleType>
                      </xsd:element>
                      <xsd:element minOccurs="0" name="taxpayer_id_num" nillable="false">
                        <xsd:simpleType>
                          <xsd:annotation>
                            <xsd:appinfo source="http://www.ibm.com/software/htp/cics/annotations">
													com.ibm.cics.wsdl.properties.charlength=fixed</xsd:appinfo>
                            <xsd:documentation>
												Last 4 digits of TaxpayerIdNum
											  </xsd:documentation>
                          </xsd:annotation>
                          <xsd:restriction base="xsd:string">
                            <xsd:minLength value="4"/>
                            <xsd:maxLength value="4"/>
                            <xsd:whiteSpace value="collapse"/>
                          </xsd:restriction>
                        </xsd:simpleType>
                      </xsd:element>
                      <xsd:element minOccurs="0" name="birthdate_dte" nillable="false">
                        <xsd:simpleType>
                          <xsd:annotation>
                            <xsd:appinfo source="http://www.ibm.com/software/htp/cics/annotations">
													com.ibm.cics.wsdl.properties.charlength=fixed</xsd:appinfo>
                          </xsd:annotation>
                          <xsd:restriction base="xsd:string">
                            <xsd:minLength value="8"/>
                            <xsd:maxLength value="8"/>
                            <xsd:whiteSpace value="collapse"/>
                          </xsd:restriction>
                        </xsd:simpleType>
                      </xsd:element>
                      <xsd:element minOccurs="0" name="zip_cde" nillable="false">
                        <xsd:simpleType>
                          <xsd:annotation>
                            <xsd:appinfo source="http://www.ibm.com/software/htp/cics/annotations">
													com.ibm.cics.wsdl.properties.charlength=fixed</xsd:appinfo>
                          </xsd:annotation>
                          <xsd:restriction base="xsd:string">
                            <xsd:minLength value="5"/>
                            <xsd:maxLength value="5"/>
                            <xsd:whiteSpace value="collapse"/>
                          </xsd:restriction>
                        </xsd:simpleType>
                      </xsd:element>
                      <xsd:element minOccurs="0" name="clnt_pref_pin_num" nillable="false">
                        <xsd:simpleType>
                          <xsd:annotation>
                            <xsd:appinfo source="http://www.ibm.com/software/htp/cics/annotations">
													com.ibm.cics.wsdl.properties.charlength=fixed</xsd:appinfo>
                          </xsd:annotation>
                          <xsd:restriction base="xsd:string">
                            <xsd:minLength value="10"/>
                            <xsd:maxLength value="10"/>
                            <xsd:whiteSpace value="collapse"/>
                          </xsd:restriction>
                        </xsd:simpleType>
                      </xsd:element>
                    </xsd:sequence>
                  </xsd:complexType>
                </xsd:element>
              </xsd:sequence>
            </xsd:complexType>
          </xsd:element>
        </xsd:sequence>
      </xsd:complexType>
      <xsd:element name="ExecuteRegistrationRulesV5Request" nillable="false" type="tns:ExecuteRegistrationRulesV5Request"/>
    </xsd:schema>
    <xsd:schema xmlns:tns="http://nml.com/services/information/client/customerRelationship/domain/RegistrationRulesV5" targetNamespace="http://nml.com/services/information/client/customerRelationship/domain/RegistrationRulesV5">
      <xsd:annotation>
        <xsd:documentation source="http://www.ibm.com/software/htp/cics/annotations">This schema was generated by the CICS Web services assistant.</xsd:documentation>
      </xsd:annotation>
      <xsd:annotation>
        <xsd:appinfo source="http://www.ibm.com/software/htp/cics/annotations">
			com.ibm.cics.wsdl.properties.mappingLevel=3.0</xsd:appinfo>
      </xsd:annotation>
      <xsd:complexType abstract="false" block="#all" final="#all" mixed="false" name="ExecuteRegistrationRulesV5Response">
        <xsd:sequence>
          <xsd:element name="Registration_Rules_V5" nillable="false">
            <xsd:complexType mixed="false">
              <xsd:sequence>
                <xsd:element name="operation_header_area" nillable="false">
                  <xsd:complexType mixed="false">
                    <xsd:sequence>
                      <xsd:element name="MsgClientOperId" nillable="false">
                        <xsd:simpleType>
                          <xsd:annotation>
                            <xsd:appinfo source="http://www.ibm.com/software/htp/cics/annotations">
													com.ibm.cics.wsdl.properties.charlength=fixed</xsd:appinfo>
                          </xsd:annotation>
                          <xsd:restriction base="xsd:string">
                            <xsd:minLength value="1"/>
                            <xsd:maxLength value="20"/>
                            <xsd:whiteSpace value="collapse"/>
                          </xsd:restriction>
                        </xsd:simpleType>
                      </xsd:element>
                      <xsd:element name="MsgSenderApplId" nillable="false">
                        <xsd:simpleType>
                          <xsd:annotation>
                            <xsd:appinfo source="http://www.ibm.com/software/htp/cics/annotations">
													com.ibm.cics.wsdl.properties.charlength=fixed</xsd:appinfo>
                          </xsd:annotation>
                          <xsd:restriction base="xsd:string">
                            <xsd:minLength value="1"/>
                            <xsd:maxLength value="20"/>
                            <xsd:whiteSpace value="collapse"/>
                          </xsd:restriction>
                        </xsd:simpleType>
                      </xsd:element>
                    </xsd:sequence>
                  </xsd:complexType>
                </xsd:element>
                <xsd:element name="legal_entity" nillable="false" maxOccurs="10">
                  <xsd:complexType mixed="false">
                    <xsd:sequence>
                      <xsd:element minOccurs="0" name="legal_entity_id" nillable="false">
                        <xsd:simpleType>
                          <xsd:restriction base="xsd:int"/>
                        </xsd:simpleType>
                      </xsd:element>
                      <xsd:element minOccurs="0" name="leg_ent_id_src_cde" nillable="false">
                        <xsd:simpleType>
                          <xsd:restriction base="xsd:short"/>
                        </xsd:simpleType>
                      </xsd:element>
                      <xsd:element minOccurs="0" name="leg_ent_type_cde" nillable="false">
                        <xsd:simpleType>
                          <xsd:restriction base="xsd:short"/>
                        </xsd:simpleType>
                      </xsd:element>
                      <xsd:element minOccurs="0" name="uuid" nillable="false">
                        <xsd:simpleType>
                          <xsd:annotation>
                            <xsd:appinfo source="http://www.ibm.com/software/htp/cics/annotations">
													com.ibm.cics.wsdl.properties.charlength=fixed</xsd:appinfo>
                          </xsd:annotation>
                          <xsd:restriction base="xsd:string">
                            <xsd:minLength value="1"/>
                            <xsd:maxLength value="36"/>
                            <xsd:whiteSpace value="collapse"/>
                          </xsd:restriction>
                        </xsd:simpleType>
                      </xsd:element>
                      <xsd:element minOccurs="0" name="nm_unique_id" nillable="false">
                        <xsd:simpleType>
                          <xsd:annotation>
                            <xsd:appinfo source="http://www.ibm.com/software/htp/cics/annotations">
													com.ibm.cics.wsdl.properties.charlength=fixed</xsd:appinfo>
                          </xsd:annotation>
                          <xsd:restriction base="xsd:string">
                            <xsd:minLength value="1"/>
                            <xsd:maxLength value="10"/>
                            <xsd:whiteSpace value="collapse"/>
                          </xsd:restriction>
                        </xsd:simpleType>
                      </xsd:element>
                      <xsd:element minOccurs="0" name="operator_id" nillable="false">
                        <xsd:simpleType>
                          <xsd:annotation>
                            <xsd:appinfo source="http://www.ibm.com/software/htp/cics/annotations">
													com.ibm.cics.wsdl.properties.charlength=fixed</xsd:appinfo>
                          </xsd:annotation>
                          <xsd:restriction base="xsd:string">
                            <xsd:minLength value="1"/>
                            <xsd:maxLength value="40"/>
                            <xsd:whiteSpace value="collapse"/>
                          </xsd:restriction>
                        </xsd:simpleType>
                      </xsd:element>
                      <xsd:element name="user_id_type" nillable="false" minOccurs="0">
                        <xsd:simpleType>
                          <xsd:annotation>
                            <xsd:appinfo source="http://www.ibm.com/software/htp/cics/annotations">
													com.ibm.cics.wsdl.properties.charlength=fixed</xsd:appinfo>
                          </xsd:annotation>
                          <xsd:restriction base="xsd:string">
                            <xsd:minLength value="1"/>
                            <xsd:maxLength value="2"/>
                            <xsd:whiteSpace value="collapse"/>
                          </xsd:restriction>
                        </xsd:simpleType>
                      </xsd:element>
                      <xsd:element name="email_nam" nillable="false" minOccurs="0">
                        <xsd:simpleType>
                          <xsd:annotation>
                            <xsd:appinfo source="http://www.ibm.com/software/htp/cics/annotations">
													com.ibm.cics.wsdl.properties.charlength=fixed</xsd:appinfo>
                          </xsd:annotation>
                          <xsd:restriction base="xsd:string">
                            <xsd:minLength value="1"/>
                            <xsd:maxLength value="100"/>
                            <xsd:whiteSpace value="collapse"/>
                          </xsd:restriction>
                        </xsd:simpleType>
                      </xsd:element>
                    </xsd:sequence>
                  </xsd:complexType>
                </xsd:element>
                <xsd:element name="msg_status_cde" nillable="false">
                  <xsd:simpleType>
                    <xsd:restriction base="xsd:short"/>
                  </xsd:simpleType>
                </xsd:element>
                <xsd:element name="personal_status_cde" nillable="false">
                  <xsd:simpleType>
                    <xsd:restriction base="xsd:short"/>
                  </xsd:simpleType>
                </xsd:element>
                <xsd:element name="business_status_cde" nillable="false">
                  <xsd:simpleType>
                    <xsd:restriction base="xsd:short"/>
                  </xsd:simpleType>
                </xsd:element>
                <xsd:element minOccurs="0" name="ex_user_msg_txt" nillable="false">
                  <xsd:simpleType>
                    <xsd:annotation>
                      <xsd:appinfo source="http://www.ibm.com/software/htp/cics/annotations">
										com.ibm.cics.wsdl.properties.charlength=fixed</xsd:appinfo>
                    </xsd:annotation>
                    <xsd:restriction base="xsd:string">
                      <xsd:maxLength value="255"/>
                      <xsd:whiteSpace value="collapse"/>
                    </xsd:restriction>
                  </xsd:simpleType>
                </xsd:element>
                <xsd:element minOccurs="0" name="ex_tech_msg_txt" nillable="false">
                  <xsd:simpleType>
                    <xsd:annotation>
                      <xsd:appinfo source="http://www.ibm.com/software/htp/cics/annotations">
										com.ibm.cics.wsdl.properties.charlength=fixed</xsd:appinfo>
                    </xsd:annotation>
                    <xsd:restriction base="xsd:string">
                      <xsd:maxLength value="255"/>
                      <xsd:whiteSpace value="collapse"/>
                    </xsd:restriction>
                  </xsd:simpleType>
                </xsd:element>
              </xsd:sequence>
            </xsd:complexType>
          </xsd:element>
        </xsd:sequence>
      </xsd:complexType>
      <xsd:element name="ExecuteRegistrationRulesV5Response" nillable="false" type="tns:ExecuteRegistrationRulesV5Response"/>
    </xsd:schema>
  </types>
  <message name="ExecuteRegistrationRulesResponse">
    <part element="resns:ExecuteRegistrationRulesV5Response" name="ResponsePart"/>
  </message>
  <message name="ExecuteRegistrationRulesRequest">
    <part element="reqns:ExecuteRegistrationRulesV5Request" name="RequestPart"/>
  </message>
  <portType name="ExecuteRegistrationRulesV5Port">
    <operation name="ExecuteRegistrationRules">
      <input message="tns:ExecuteRegistrationRulesRequest" name="ExecuteRegistrationRulesRequest"/>
      <output message="tns:ExecuteRegistrationRulesResponse" name="ExecuteRegistrationRulesResponse"/>
    </operation>
  </portType>
  <binding name="ExecuteRegistrationRulesV5Binding" type="tns:ExecuteRegistrationRulesV5Port">
    <!-- This soap:binding indicates the use of SOAP 1.1 -->
    <soap:binding style="document" transport="http://schemas.xmlsoap.org/soap/http"/>
    <operation name="ExecuteRegistrationRules">
      <soap:operation soapAction="" style="document"/>
      <input name="ExecuteRegistrationRulesRequest">
        <soap:body parts="RequestPart" use="literal"/>
      </input>
      <output name="ExecuteRegistrationRulesResponse">
        <soap:body parts="ResponsePart" use="literal"/>
      </output>
    </operation>
  </binding>
</definitions>
