<soapenv:Envelope xmlns:soapenv="http://schemas.xmlsoap.org/soap/envelope/" xmlns:exec="http://nml.com/services/information/client/customerRelationship/domain/ExecuteRegistrationRulesV5">
   <%= soapHeader %>
   <soapenv:Body>
      <exec:ExecuteRegistrationRulesV5Request>
         <Execute_Registration_Rules_V5>
            <operation_header_area>
               <MsgClientOperId><%= msgClientOperId %></MsgClientOperId>
               <MsgSenderApplId><%= msgSenderApplId %></MsgSenderApplId>
            </operation_header_area>
            <key_info>
               <rule_set_type_cde>2</rule_set_type_cde>
               <legal_entity_id><%= legalEntityId %></legal_entity_id>
               <leg_ent_id_src_cde><%= legEntIdSrcCde %></leg_ent_id_src_cde>
            </key_info>
         </Execute_Registration_Rules_V5>
      </exec:ExecuteRegistrationRulesV5Request>
   </soapenv:Body>
</soapenv:Envelope>
