<env:Envelope xmlns:env="http://schemas.xmlsoap.org/soap/envelope/" xmlns:date="http://exslt.org/dates-and-times">
   <env:Body>
      <env:Fault>
         <faultcode>env:0x00230001</faultcode>
         <faultstring>0x00230001 - local:///endpoint-ser-cache_v2.xsl:102: xsl:message terminate=yes value='No ConsumerId found in WS-A header, HTTP Header, or in Message Body'</faultstring>
         <faultactor>[Device: , Srvc: WSRR-Standard, TxnID: 51416223, DateTime: 2016-09-23T01:07:41-05:00]</faultactor>
         <detail>
            <ErrorMessage>DataPower Created Error: Please use the Web Service Troubleshooting Guide located in the ITDL to look up the error message above and determine the appropriate action that should be taken to fix the error.</ErrorMessage>
         </detail>
      </env:Fault>
   </env:Body>
</env:Envelope>
