{{% if (mysql === 'Y') { %}
  "connection": {
    "url": "mysql-int-read.nmlv.nml.com",
    "port": 3306,
    "acquireTimeout": 10000,
    "queueLimit": 0,
    "database": "biipcloud",
    "waitForConnections": true,
    "connectionLimit": 10,
    "printPoolStats": true
  },{% } %}
  "validationConfig": {
    "detailedErrors": true
  },
  "hoServiceDatapower": {
    "consumerID_prod": "NMHUB_01",
    "consumerID_stage": "NMHUB_01",
    "consumerID_test": "NMHUB_01",
    "consumerID_int": "NMHUB_02",
    "consumerID_qa": "NMHUB_03",
    "consumerID_perf": "NMHUB_04"
  }
}