{
    "connection": {
        "url": "mysql-int-read.nmlv.nml.com",
        "port": 3306,
        "acquireTimeout": 10000,
        "queueLimit": 0,
        "database": "biipcloud",
        "waitForConnections": true,
        "connectionLimit": 10,
        "printPoolStats": true
    },
    "getClientInfoV3": {
        "uri": "http://localhost:8081/ClientSearchWS/GetClientInfoV3",
        "namespace": "http://nml.com/services/information/personandorg/client/getclientinfov3",
        "consumerID": "NMHUB_03"
    },
    "executeRegistrationRulesV5": {
        "uri": "http://S233796:8088/mockExecuteRegistrationRulesV5Binding",
        "namespace": "http://nml.com/services/information/client/customerRelationship/ExecuteRegistrationRulesV5",
        "consumerID": "NMHUB_03"
    },
    "showCAPReqRes": {
        "enabled": true
    },
    "cxidUrl": "https://int.login.northwesternmutual.com/login/nmcManageLogin?action=",
    "backUrl": "https://nmctest.northwesternmutual.com",
    "appId": "NMHUB"
}
