{
    "connection": {
        "url": "mysql-perf-read.nmlv.nml.com",
        "port": 3306
    },
    "getClientInfoV3": {
        "uri": "https://nmsbtest.nml.com:8443/ClientSearchWS/GetClientInfoV3",
        "namespace": "http://nml.com/services/information/personandorg/client/getclientinfov3",
        "consumerID": "NMHUB_04"
    },
    "executeRegistrationRulesV5": {
        "uri": "https://nmsbtest.nml.com:8443/KLREGWS/ExecuteRegistrationRulesV5",
        "namespace": "http://nml.com/services/information/client/customerRelationship/ExecuteRegistrationRulesV5",
        "consumerID": "NMHUB_04"
    },
    "showCAPReqRes": {
        "enabled": true
    },
    "cxidUrl": "https://int.login.northwesternmutual.com/login/nmcManageLogin?action=",
    "backUrl": "https://perf.plan.northwesternmutual.com",
    "appId": "NMHUB"
}
