{
    "connection": {
        "url": "mysql-prod-read.nmlv.nml.com",
        "port": 3306
    },
    "getClientInfoV3": {
        "uri": "https://nmsb.nml.com:8443/ClientSearchWS/GetClientInfoV3",
        "namespace": "http://nml.com/services/information/personandorg/client/getclientinfov3",
        "consumerID": "NMHUB_01"
    },
    "executeRegistrationRulesV5": {
        "uri": "https://nmsb.nml.com:8443/KLREGWS/ExecuteRegistrationRulesV5",
        "namespace": "http://nml.com/services/information/client/customerRelationship/ExecuteRegistrationRulesV5",
        "consumerID": "NMHUB_01"
    },
    "showCAPReqRes": {
        "enabled": false
    },
    "cxidUrl": "https://login.northwesternmutual.com/login/nmcManageLogin?action=",
    "backUrl": "https://plan.northwesternmutual.com",
    "appId": "NMHUB"
}
