[
  {
    "cardType": "PremiumDirectMonthlyPastDue",
    "frequency": "monthly",
    "isaNumber": "xxx4593",
    "dueDate": "04/18/2016",
    "dueDateAsDate": "2016-04-18T00:00:00",
    "isAnnuity": false,
    "amountDue": "$64.35",
    "billedAmount": "$128.70",
    "pastDueAmount": "$64.35",
    "serviceCharge": "$0.00",
    "additionalPayment": "$0.00",
    "insuredList": [
      {
        "productList": [
          {
            "subjectNum": "xxxx6678",
            "totalPremium": "$33.72",
            "loanRepayment": "--",
            "allocatedDiv": "--",
            "productType": "65 Life",
            "freqPremium": "$33.72",
            "ltc1035Payment": "N/A",
            "payment": "$33.72",
            "productDetailUrl": "/InsuranceDetail?subjectNum=xxxx6678",
            "isOwnerAndRestricted": false,
            "isOwnerAndNotRestricted": true,
            "isNotOwner": false,
            "annuityCurrentValue": null,
            "valueAsOfDate": "09/30/2015",
            "isAnnuityTaxQualified": false
          }
        ],
        "baseLegalEntityID": 14601862,
        "name": "Valentina Delgado",
        "loanRepaymentSum": "$0.00",
        "allocatedDivSum": "$0.00",
        "totalPremiumSum": "$33.72",
        "ltc1035Sum": "$0.00",
        "paymentSum": "$33.72"
      },
      {
        "productList": [
          {
            "subjectNum": "xxxx6765",
            "totalPremium": "$30.63",
            "loanRepayment": "--",
            "allocatedDiv": "--",
            "productType": "65 Life",
            "freqPremium": "$30.63",
            "ltc1035Payment": "N/A",
            "payment": "$30.63",
            "productDetailUrl": "/InsuranceDetail?subjectNum=xxxx6765",
            "isOwnerAndRestricted": false,
            "isOwnerAndNotRestricted": true,
            "isNotOwner": false,
            "annuityCurrentValue": null,
            "valueAsOfDate": "09/30/2015",
            "isAnnuityTaxQualified": false
          }
        ],
        "baseLegalEntityID": 14601863,
        "name": "Raquelle Estrada",
        "loanRepaymentSum": "$0.00",
        "allocatedDivSum": "$0.00",
        "totalPremiumSum": "$30.63",
        "ltc1035Sum": "$0.00",
        "paymentSum": "$30.63"
      }
    ],
    "annuityCurrentValue": null,
    "isAnnuityTaxQualified": false,
    "valueAsOfDate": null,
    "pendingPayment": {
      "paymentDate": null,
      "paymentAmount": null,
      "confirmationNumber": null,
      "nmcPendingPayment": false,
      "maskedBankAccountNumber": null,
      "bankAccountType": null
    },
    "isRecurringISA": false,
    "paymentStatus": 3,
    "isLoanOnly": false,
    "totalLoan": 0.0,
    "shortageAmountDue": 0.00,
    "calculatedPremium": "$64.35",
    "nextBillAmount": "$64.35",
    "totalLtc1035": 0.0,
    "totalDiv": 0.0,
    "totalPremium": 64.35,
    "isaUrl": "/billing/xxx4593",
    "showMonthlyPastDue": true,
    "isPendingSetupEft": false,
    "isPendingFrequencyChange": false,
    "isPendingRecurringToDirect": false,
    "isPendingChangeBank": false,
    "pendingFrequencyModel": null,
    "onlinePaymentIneligible": false
  }
]
 
