[
  {
    "cardType": "PremiumDirectDue",
    "frequency": "quarterly",
    "isaNumber": "xxx8859",
    "dueDate": "06/17/2016",
    "dueDateAsDate": "2016-06-17T00:00:00",
    "isAnnuity": false,
    "amountDue": "$1,308.17",
    "serviceCharge": "$0.00",
    "additionalPayment": "$0.00",
    "insuredList": [
      {
        "productList": [
          {
            "subjectNum": "xxx7712",
            "totalPremium": "$347.15",
            "loanRepayment": "--",
            "allocatedDiv": "$31.29",
            "productType": "Disability Income",
            "freqPremium": "$347.15",
            "ltc1035Payment": "N/A",
            "payment": "$315.86",
            "productDetailUrl": "/InsuranceDetail?subjectNum=xxx7712",
            "isOwnerAndRestricted": false,
            "isOwnerAndNotRestricted": true,
            "isNotOwner": false,
            "annuityCurrentValue": null,
            "valueAsOfDate": "09/30/2015",
            "isAnnuityTaxQualified": false
          }
        ],
        "baseLegalEntityID": 8159805,
        "name": "James A De Pasquale / Nancy S Heinrich",
        "loanRepaymentSum": "$0.00",
        "allocatedDivSum": "$31.29",
        "totalPremiumSum": "$347.15",
        "ltc1035Sum": "$0.00",
        "paymentSum": "$315.86"
      },
      {
        "productList": [
          {
            "subjectNum": "xxxx4522",
            "totalPremium": "$482.01",
            "loanRepayment": "--",
            "allocatedDiv": "$250.51",
            "productType": "Disability Income",
            "freqPremium": "$482.01",
            "ltc1035Payment": "N/A",
            "payment": "$231.50",
            "productDetailUrl": "/InsuranceDetail?subjectNum=xxxx4522",
            "isOwnerAndRestricted": false,
            "isOwnerAndNotRestricted": true,
            "isNotOwner": false,
            "annuityCurrentValue": null,
            "valueAsOfDate": "09/30/2015",
            "isAnnuityTaxQualified": false
          }
        ],
        "baseLegalEntityID": 7429681,
        "name": "Benjamin J Martinsen / Nancy S Heinrich",
        "loanRepaymentSum": "$0.00",
        "allocatedDivSum": "$250.51",
        "totalPremiumSum": "$482.01",
        "ltc1035Sum": "$0.00",
        "paymentSum": "$231.50"
      },
      {
        "productList": [
          {
            "subjectNum": "xxxx8448",
            "totalPremium": "$302.87",
            "loanRepayment": "--",
            "allocatedDiv": "$163.41",
            "productType": "Disability Income",
            "freqPremium": "$302.87",
            "ltc1035Payment": "N/A",
            "payment": "$139.46",
            "productDetailUrl": "/InsuranceDetail?subjectNum=xxxx8448",
            "isOwnerAndRestricted": false,
            "isOwnerAndNotRestricted": true,
            "isNotOwner": false,
            "annuityCurrentValue": null,
            "valueAsOfDate": "09/30/2015",
            "isAnnuityTaxQualified": false
          }
        ],
        "baseLegalEntityID": 7554839,
        "name": "Audra F Negangard / Nancy S Heinrich",
        "loanRepaymentSum": "$0.00",
        "allocatedDivSum": "$163.41",
        "totalPremiumSum": "$302.87",
        "ltc1035Sum": "$0.00",
        "paymentSum": "$139.46"
      },
      {
        "productList": [
          {
            "subjectNum": "xxxx9965",
            "totalPremium": "$327.00",
            "loanRepayment": "--",
            "allocatedDiv": "--",
            "productType": "Extra Ordinary Life",
            "freqPremium": "$327.00",
            "ltc1035Payment": "N/A",
            "payment": "$327.00",
            "productDetailUrl": "/InsuranceDetail?subjectNum=xxxx9965",
            "isOwnerAndRestricted": false,
            "isOwnerAndNotRestricted": true,
            "isNotOwner": false,
            "annuityCurrentValue": null,
            "valueAsOfDate": "09/30/2015",
            "isAnnuityTaxQualified": false
          }
        ],
        "baseLegalEntityID": 13786484,
        "name": "Nancy S Heinrich",
        "loanRepaymentSum": "$0.00",
        "allocatedDivSum": "$0.00",
        "totalPremiumSum": "$327.00",
        "ltc1035Sum": "$0.00",
        "paymentSum": "$327.00"
      },
      {
        "productList": [
          {
            "subjectNum": "xxxx9941",
            "totalPremium": "$236.00",
            "loanRepayment": "--",
            "allocatedDiv": "$45.15",
            "productType": "Term to Age 70/Term to Age 75/Term to Age 80",
            "freqPremium": "$236.00",
            "ltc1035Payment": "N/A",
            "payment": "$190.85",
            "productDetailUrl": "/InsuranceDetail?subjectNum=xxxx9941",
            "isOwnerAndRestricted": false,
            "isOwnerAndNotRestricted": false,
            "isNotOwner": true,
            "annuityCurrentValue": null,
            "valueAsOfDate": "",
            "isAnnuityTaxQualified": false
          },
          {
            "subjectNum": "xxxx9861",
            "totalPremium": "$103.50",
            "loanRepayment": "--",
            "allocatedDiv": "--",
            "productType": "Extra Ordinary Life",
            "freqPremium": "$103.50",
            "ltc1035Payment": "N/A",
            "payment": "$103.50",
            "productDetailUrl": "/InsuranceDetail?subjectNum=xxxx9861",
            "isOwnerAndRestricted": false,
            "isOwnerAndNotRestricted": false,
            "isNotOwner": true,
            "annuityCurrentValue": null,
            "valueAsOfDate": "",
            "isAnnuityTaxQualified": false
          }
        ],
        "baseLegalEntityID": 13786485,
        "name": "Robert M Heinrich",
        "loanRepaymentSum": "$0.00",
        "allocatedDivSum": "$45.15",
        "totalPremiumSum": "$339.50",
        "ltc1035Sum": "$0.00",
        "paymentSum": "$294.35"
      }
    ],
    "annuityCurrentValue": null,
    "isAnnuityTaxQualified": false,
    "valueAsOfDate": null,
    "pendingPayment": {
      "paymentDate": null,
      "paymentAmount": null,
      "confirmationNumber": null,
      "nmcPendingPayment": false,
      "maskedBankAccountNumber": null,
      "bankAccountType": null
    },
    "isRecurringISA": false,
    "paymentStatus": 2,
    "isLoanOnly": false,
    "totalLoan": 0.0,
    "shortageAmountDue": 0.00,
    "calculatedPremium": "$1,308.17",
    "nextBillAmount": "$1,308.17",
    "totalLtc1035": 0.0,
    "totalDiv": 490.36000000000004,
    "totalPremium": 1798.53,
    "isaUrl": "/billing/xxx8859"
  }
]
