[
  {
    "cardType": "PremiumDirectDue",
    "frequency": "monthly",
    "isaNumber": "xxx5244",
    "dueDate": "06/01/2016",
    "dueDateAsDate": "2016-06-01T00:00:00",
    "isAnnuity": false,
    "amountDue": "$212.49",
    "serviceCharge": "$1.00",
    "additionalPayment": "$0.00",
    "insuredList": [
      {
        "productList": [
          {
            "subjectNum": "xxxx4166",
            "totalPremium": "$85.74",
            "loanRepayment": "--",
            "allocatedDiv": "$12.83",
            "productType": "Term to Age 70/Term to Age 75/Term to Age 80",
            "freqPremium": "$85.74",
            "ltc1035Payment": "N/A",
            "payment": "$72.91",
            "productDetailUrl": "/InsuranceDetail?subjectNum=xxxx4166",
            "isOwnerAndRestricted": false,
            "isOwnerAndNotRestricted": true,
            "isNotOwner": false,
            "annuityCurrentValue": null,
            "valueAsOfDate": "09/30/2015",
            "isAnnuityTaxQualified": false
          },
          {
            "subjectNum": "xxxx4190",
            "totalPremium": "$30.14",
            "loanRepayment": "$50.00",
            "allocatedDiv": "$6.99",
            "productType": "65 Life",
            "freqPremium": "$30.14",
            "ltc1035Payment": "N/A",
            "payment": "$73.15",
            "productDetailUrl": "/InsuranceDetail?subjectNum=xxxx4190",
            "isOwnerAndRestricted": false,
            "isOwnerAndNotRestricted": true,
            "isNotOwner": false,
            "annuityCurrentValue": null,
            "valueAsOfDate": "09/30/2015",
            "isAnnuityTaxQualified": false
          }
        ],
        "baseLegalEntityID": 14590436,
        "name": "Martin Villanueva",
        "loanRepaymentSum": "$50.00",
        "allocatedDivSum": "$19.82",
        "totalPremiumSum": "$115.88",
        "ltc1035Sum": "$0.00",
        "paymentSum": "$146.06"
      }
    ],
    "annuityCurrentValue": null,
    "isAnnuityTaxQualified": false,
    "valueAsOfDate": null,
    "pendingPayment": {
      "paymentDate": null,
      "paymentAmount": null,
      "confirmationNumber": null,
      "nmcPendingPayment": false,
      "maskedBankAccountNumber": null,
      "bankAccountType": null
    },
    "isRecurringISA": false,
    "paymentStatus": 2,
    "isLoanOnly": false,
    "totalLoan": 50.0,
    "shortageAmountDue": 0.00,
    "calculatedPremium": "$212.49",
    "nextBillAmount": "$147.06",
    "totalLtc1035": 0.0,
    "totalDiv": 19.82,
    "totalPremium": 115.88,
    "isaUrl": "/billing/xxx5244"
  }
]
