[
  {
    "cardType": "PremiumPaid",
    "frequency": "quarterly",
    "isaNumber": "xxx8920",
    "dueDate": "07/01/2016",
    "dueDateAsDate": "2016-07-01T00:00:00",
    "isAnnuity": false,
    "amountDue": "$0.00",
    "serviceCharge": "$0.00",
    "additionalPayment": "$0.00",
    "insuredList": [
      {
        "productList": [
          {
            "subjectNum": "xxx0250",
            "totalPremium": "$0.00",
            "loanRepayment": "--",
            "allocatedDiv": "--",
            "productType": "Paid Up Life",
            "freqPremium": "--",
            "ltc1035Payment": "N/A",
            "payment": "$0.00",
            "productDetailUrl": "/InsuranceDetail?subjectNum=xxx0250",
            "isOwnerAndRestricted": false,
            "isOwnerAndNotRestricted": true,
            "isNotOwner": false,
            "annuityCurrentValue": null,
            "valueAsOfDate": "09/30/2015",
            "isAnnuityTaxQualified": false
          },
          {
            "subjectNum": "xxx4614",
            "totalPremium": "$0.00",
            "loanRepayment": "--",
            "allocatedDiv": "--",
            "productType": "Paid Up Life",
            "freqPremium": "--",
            "ltc1035Payment": "N/A",
            "payment": "$0.00",
            "productDetailUrl": "/InsuranceDetail?subjectNum=xxx4614",
            "isOwnerAndRestricted": false,
            "isOwnerAndNotRestricted": true,
            "isNotOwner": false,
            "annuityCurrentValue": null,
            "valueAsOfDate": "09/30/2015",
            "isAnnuityTaxQualified": false
          },
          {
            "subjectNum": "xxx1517",
            "totalPremium": "$0.00",
            "loanRepayment": "--",
            "allocatedDiv": "--",
            "productType": "Paid Up Life",
            "freqPremium": "--",
            "ltc1035Payment": "N/A",
            "payment": "$0.00",
            "productDetailUrl": "/InsuranceDetail?subjectNum=xxx1517",
            "isOwnerAndRestricted": false,
            "isOwnerAndNotRestricted": true,
            "isNotOwner": false,
            "annuityCurrentValue": null,
            "valueAsOfDate": "09/30/2015",
            "isAnnuityTaxQualified": false
          }
        ],
        "baseLegalEntityID": 14183213,
        "name": "Mary Jo Campbell",
        "loanRepaymentSum": "$0.00",
        "allocatedDivSum": "$0.00",
        "totalPremiumSum": "$0.00",
        "ltc1035Sum": "$0.00",
        "paymentSum": "$0.00"
      }
    ],
    "annuityCurrentValue": null,
    "isAnnuityTaxQualified": false,
    "valueAsOfDate": null,
    "pendingPayment": {
      "paymentDate": null,
      "paymentAmount": null,
      "confirmationNumber": null,
      "nmcPendingPayment": false,
      "maskedBankAccountNumber": null,
      "bankAccountType": null
    },
    "isRecurringISA": true,
    "paymentStatus": 4,
    "isLoanOnly": false,
    "totalLoan": 0.0,
    "shortageAmountDue": 0.00,
    "calculatedPremium": "$0.00",
    "nextBillAmount": "$0.00",
    "totalLtc1035": 0.0,
    "totalDiv": 0.0,
    "totalPremium": 0.0,
    "isaUrl": "/billing/xxx8920"
  }
]
