[
  {
    "cardType": "PremiumDirectOutOfWindow",
    "frequency": "quarterly",
    "isaNumber": "xxx9190",
    "dueDate": "11/19/2016",
    "dueDateAsDate": "2016-11-19T00:00:00",
    "isAnnuity": false,
    "amountDue": "$0.00",
    "billedAmount": "$1,228.05",
    "pastDueAmount": "$1,228.05",
    "serviceCharge": "$0.00",
    "additionalPayment": "$0.00",
    "isaTotal": "$0.00",
    "insuredList": [
      {
        "productList": [
          {
            "subjectNum": "xxxx8834",
            "totalPremium": "$614.35",
            "loanRepayment": "--",
            "allocatedDiv": "$3,851.26",
            "productType": null,
            "freqPremium": "$614.35",
            "ltc1035Payment": null,
            "payment": "$0.00",
            "productDetailUrl": null,
            "isOwnerAndRestricted": false,
            "isOwnerAndNotRestricted": true,
            "isNotOwner": false,
            "annuityCurrentValue": null,
            "valueAsOfDate": null,
            "isAnnuityTaxQualified": false
          }
        ],
        "baseLegalEntityID": 12286281,
        "name": "Raymond J Kubick",
        "loanRepaymentSum": "$0.00",
        "allocatedDivSum": null,
        "totalPremiumSum": "$614.35",
        "ltc1035Sum": null,
        "paymentSum": "$0.00"
      }
    ],
    "annuityCurrentValue": null,
    "isAnnuityTaxQualified": false,
    "valueAsOfDate": null,
    "pendingPayment": {
      "paymentDate": null,
      "paymentAmount": null,
      "confirmationNumber": null,
      "nmcPendingPayment": false,
      "maskedBankAccountNumber": null,
      "bankAccountType": null,
      "bankName": null,
      "isLoanPayment": false
    },
    "isRecurringISA": false,
    "paymentStatus": 1,
    "isLoanOnly": false,
    "loanPayOffAmount": "0.00",
    "totalLoan": 0.0,
    "totalLtc1035": 0.0,
    "totalDiv": 3851.26,
    "totalPremium": 614.35,
    "shortageAmountDue": "$0.00",
    "calculatedPremium": "$0.00",
    "isaUrl": "/billing?isa=xxx9190",
    "showMonthlyPastDue": false,
    "isPendingPayment": false,
    "isPendingSetupEft": false,
    "isPendingFrequencyChange": false,
    "isPendingRecurringToDirect": false,
    "isPendingChangeBank": false,
    "pendingFrequencyModel": null,
    "onlinePaymentIneligible": false,
    "isHoCaseLock": false,
    "showLoanPayment": false
  },
  {
    "cardType": "PremiumDirectOutOfWindowHasLoan",
    "frequency": "monthly",
    "isaNumber": "xxx1276",
    "dueDate": "11/28/2016",
    "dueDateAsDate": "2016-11-28T00:00:00",
    "isAnnuity": false,
    "amountDue": "$0.00",
    "billedAmount": "$2,204.39",
    "pastDueAmount": "$2,204.39",
    "serviceCharge": "$1.00",
    "additionalPayment": "$0.00",
    "isaTotal": "$2,204.39",
    "insuredList": [
      {
        "productList": [
          {
            "subjectNum": "xxxx9941",
            "totalPremium": "$46.77",
            "loanRepayment": "--",
            "allocatedDiv": "$0.88",
            "productType": "Level Term 20",
            "freqPremium": "$46.77",
            "ltc1035Payment": null,
            "payment": "$45.89",
            "productDetailUrl": null,
            "isOwnerAndRestricted": false,
            "isOwnerAndNotRestricted": true,
            "isNotOwner": false,
            "annuityCurrentValue": null,
            "valueAsOfDate": null,
            "isAnnuityTaxQualified": false
          },
          {
            "subjectNum": "xxxx1034",
            "totalPremium": "$2,157.50",
            "loanRepayment": "--",
            "allocatedDiv": "--",
            "productType": "Adjustable CompLife",
            "freqPremium": "$2,157.50",
            "ltc1035Payment": null,
            "payment": "$2,157.50",
            "productDetailUrl": null,
            "isOwnerAndRestricted": false,
            "isOwnerAndNotRestricted": true,
            "isNotOwner": false,
            "annuityCurrentValue": null,
            "valueAsOfDate": null,
            "isAnnuityTaxQualified": false
          }
        ],
        "baseLegalEntityID": 13412723,
        "name": "Vivian Bordieri Moir",
        "loanRepaymentSum": "$0.00",
        "allocatedDivSum": null,
        "totalPremiumSum": "$2,204.27",
        "ltc1035Sum": null,
        "paymentSum": "$2,203.39"
      }
    ],
    "annuityCurrentValue": null,
    "isAnnuityTaxQualified": false,
    "valueAsOfDate": null,
    "pendingPayment": {
      "paymentDate": null,
      "paymentAmount": null,
      "confirmationNumber": null,
      "nmcPendingPayment": false,
      "maskedBankAccountNumber": null,
      "bankAccountType": null,
      "bankName": null,
      "isLoanPayment": false
    },
    "isRecurringISA": false,
    "paymentStatus": 1,
    "isLoanOnly": false,
    "loanPayOffAmount": "0.00",
    "totalLoan": 0.0,
    "totalLtc1035": 0.0,
    "totalDiv": 0.88,
    "totalPremium": 2204.27,
    "shortageAmountDue": "$0.00",
    "calculatedPremium": "$0.00",
    "isaUrl": "/billing?isa=xxx1276",
    "showMonthlyPastDue": false,
    "isPendingPayment": false,
    "isPendingSetupEft": false,
    "isPendingFrequencyChange": false,
    "isPendingRecurringToDirect": false,
    "isPendingChangeBank": false,
    "pendingFrequencyModel": null,
    "onlinePaymentIneligible": false,
    "isHoCaseLock": false,
    "showLoanPayment": true
  }
]
