[
  {
    "cardType": "PremiumDirectDue",
    "frequency": "monthly",
    "isaNumber": "xxx1301",
    "dueDate": "06/02/2016",
    "dueDateAsDate": "2016-06-02T00:00:00",
    "isAnnuity": false,
    "amountDue": "$808.32",
    "serviceCharge": "$1.00",
    "additionalPayment": "$0.00",
    "insuredList": [
      {
        "productList": [
          {
            "subjectNum": "xxxx9682",
            "totalPremium": "$212.52",
            "loanRepayment": "--",
            "allocatedDiv": "--",
            "productType": "65 Life",
            "freqPremium": "$212.52",
            "ltc1035Payment": "N/A",
            "payment": "$212.52",
            "productDetailUrl": "/InsuranceDetail?subjectNum=xxxx9682",
            "isOwnerAndRestricted": false,
            "isOwnerAndNotRestricted": true,
            "isNotOwner": false,
            "annuityCurrentValue": null,
            "valueAsOfDate": "09/30/2015",
            "isAnnuityTaxQualified": false
          }
        ],
        "baseLegalEntityID": 14590443,
        "name": "Chad E Colton",
        "loanRepaymentSum": "$0.00",
        "allocatedDivSum": "$0.00",
        "totalPremiumSum": "$212.52",
        "ltc1035Sum": "$0.00",
        "paymentSum": "$212.52"
      },
      {
        "productList": [
          {
            "subjectNum": "xxxx4750",
            "totalPremium": "$94.80",
            "loanRepayment": "$500.00",
            "allocatedDiv": "--",
            "productType": "65 Life",
            "freqPremium": "$94.80",
            "ltc1035Payment": "N/A",
            "payment": "$594.80",
            "productDetailUrl": "/InsuranceDetail?subjectNum=xxxx4750",
            "isOwnerAndRestricted": false,
            "isOwnerAndNotRestricted": true,
            "isNotOwner": false,
            "annuityCurrentValue": null,
            "valueAsOfDate": "09/30/2015",
            "isAnnuityTaxQualified": false
          }
        ],
        "baseLegalEntityID": 14590442,
        "name": "Devin R Colton",
        "loanRepaymentSum": "$500.00",
        "allocatedDivSum": "$0.00",
        "totalPremiumSum": "$94.80",
        "ltc1035Sum": "$0.00",
        "paymentSum": "$594.80"
      }
    ],
    "annuityCurrentValue": null,
    "isAnnuityTaxQualified": false,
    "valueAsOfDate": null,
    "pendingPayment": {
      "paymentDate": null,
      "paymentAmount": null,
      "confirmationNumber": null,
      "nmcPendingPayment": false,
      "maskedBankAccountNumber": null,
      "bankAccountType": null
    },
    "isRecurringISA": false,
    "paymentStatus": 2,
    "isLoanOnly": false,
    "totalLoan": 500.0,
    "shortageAmountDue": 0.00,
    "calculatedPremium": "$808.32",
    "nextBillAmount": "$808.32",
    "totalLtc1035": 0.0,
    "totalDiv": 0.0,
    "totalPremium": 307.32,
    "isaUrl": "/billing/xxx1301"
  }
]
