[
  {
    "cardType": "DirectShortageDue",
    "frequency": "monthly",
    "isaNumber": "xxx3096",
    "dueDate": "07/10/2016",
    "dueDateAsDate": "2016-07-10T00:00:00",
    "isAnnuity": false,
    "amountDue": "$548.20",
    "serviceCharge": "$1.00",
    "additionalPayment": "$0.00",
    "insuredList": [
      {
        "productList": [
          {
            "subjectNum": "xxxx0517",
            "totalPremium": "$273.60",
            "loanRepayment": "--",
            "allocatedDiv": "--",
            "productType": "Adjustable CompLife",
            "freqPremium": "$273.60",
            "ltc1035Payment": "N/A",
            "payment": "$273.60",
            "productDetailUrl": "/InsuranceDetail?subjectNum=xxxx0517",
            "isOwnerAndRestricted": false,
            "isOwnerAndNotRestricted": true,
            "isNotOwner": false,
            "annuityCurrentValue": null,
            "valueAsOfDate": "09/30/2015",
            "isAnnuityTaxQualified": false
          }
        ],
        "baseLegalEntityID": 14590433,
        "name": "Brian E Farrar",
        "loanRepaymentSum": "$0.00",
        "allocatedDivSum": "$0.00",
        "totalPremiumSum": "$273.60",
        "ltc1035Sum": "$0.00",
        "paymentSum": "$273.60"
      }
    ],
    "annuityCurrentValue": null,
    "isAnnuityTaxQualified": false,
    "valueAsOfDate": null,
    "pendingPayment": {
      "paymentDate": null,
      "paymentAmount": null,
      "confirmationNumber": null,
      "nmcPendingPayment": false,
      "maskedBankAccountNumber": null,
      "bankAccountType": null
    },
    "isRecurringISA": false,
    "paymentStatus": 2,
    "isLoanOnly": false,
    "totalLoan": 0.0,
    "shortageAmountDue": 273.60,
    "calculatedPremium": "$274.60",
    "nextBillAmount": "$274.60",
    "totalLtc1035": 0.0,
    "totalDiv": 0.0,
    "totalPremium": 273.6,
    "isaUrl": "/billing/xxx3096"
  }
]
