[
  {
    "cardType": "PremiumDirectDueHasLoan",
    "frequency": "monthly",
    "isaNumber": "xxx9112",
    "dueDate": "10/30/2016",
    "dueDateAsDate": "2016-10-30T00:00:00",
    "isAnnuity": false,
    "amountDue": "$243.56",
    "billedAmount": "$243.56",
    "pastDueAmount": "$0.00",
    "serviceCharge": "$1.00",
    "additionalPayment": "$0.00",
    "isaTotal": "$243.56",
    "insuredList": [
      {
        "productList": [
          {
            "subjectNum": "xxx7648",
            "totalPremium": "$37.21",
            "loanRepayment": "$25.00",
            "allocatedDiv": "--",
            "productType": "Whole Life",
            "freqPremium": "$37.21",
            "ltc1035Payment": null,
            "payment": "$62.21",
            "productDetailUrl": null,
            "isOwnerAndRestricted": false,
            "isOwnerAndNotRestricted": true,
            "isNotOwner": false,
            "annuityCurrentValue": null,
            "valueAsOfDate": null,
            "isAnnuityTaxQualified": false
          },
          {
            "subjectNum": "xxx0023",
            "totalPremium": "$0.00",
            "loanRepayment": "$180.35",
            "allocatedDiv": "--",
            "productType": "Whole Life",
            "freqPremium": "--",
            "ltc1035Payment": null,
            "payment": "$180.35",
            "productDetailUrl": null,
            "isOwnerAndRestricted": false,
            "isOwnerAndNotRestricted": true,
            "isNotOwner": false,
            "annuityCurrentValue": null,
            "valueAsOfDate": null,
            "isAnnuityTaxQualified": false
          }
        ],
        "baseLegalEntityID": 14977514,
        "name": "Charles C Lathrop",
        "loanRepaymentSum": "$205.35",
        "allocatedDivSum": null,
        "totalPremiumSum": "$37.21",
        "ltc1035Sum": null,
        "paymentSum": "$242.56"
      }
    ],
    "annuityCurrentValue": null,
    "isAnnuityTaxQualified": false,
    "valueAsOfDate": null,
    "pendingPayment": {
      "paymentDate": null,
      "paymentAmount": null,
      "confirmationNumber": null,
      "nmcPendingPayment": false,
      "maskedBankAccountNumber": null,
      "bankAccountType": null,
      "bankName": null,
      "isLoanPayment": false
    },
    "isRecurringISA": false,
    "paymentStatus": 2,
    "isLoanOnly": false,
    "loanPayOffAmount": "0.00",
    "totalLoan": 205.35,
    "totalLtc1035": 0.0,
    "totalDiv": 0.0,
    "totalPremium": 37.21,
    "shortageAmountDue": "$0.00",
    "calculatedPremium": "$243.56",
    "isaUrl": "/billing?isa=xxx9112",
    "showMonthlyPastDue": false,
    "isPendingPayment": false,
    "isPendingSetupEft": false,
    "isPendingFrequencyChange": false,
    "isPendingRecurringToDirect": false,
    "isPendingChangeBank": false,
    "pendingFrequencyModel": null,
    "onlinePaymentIneligible": false,
    "isHoCaseLock": false,
    "showLoanPayment": true
  }
]
