[
  {
    "cardType": "PremiumRecurring",
    "frequency": "annual",
    "isaNumber": "xxx3254",
    "dueDate": "02/09/2017",
    "dueDateAsDate": "2017-02-09T00:00:00",
    "isAnnuity": false,
    "amountDue": "$0.00",
    "billedAmount": "$695.00",
    "pastDueAmount": "$695.00",
    "serviceCharge": "$0.00",
    "additionalPayment": "$0.00",
    "isaTotal": "$178.82",
    "insuredList": [
      {
        "productList": [
          {
            "subjectNum": "xxxx7391",
            "totalPremium": "$99.06",
            "loanRepayment": "--",
            "allocatedDiv": "--",
            "productType": "Level Term 20",
            "freqPremium": "$99.06",
            "ltc1035Payment": null,
            "payment": "$99.06",
            "productDetailUrl": null,
            "isOwnerAndRestricted": false,
            "isOwnerAndNotRestricted": false,
            "isNotOwner": true,
            "annuityCurrentValue": null,
            "valueAsOfDate": null,
            "isAnnuityTaxQualified": false
          }
        ],
        "baseLegalEntityID": 14150604,
        "name": "Brien Bohmann",
        "loanRepaymentSum": "$0.00",
        "allocatedDivSum": null,
        "totalPremiumSum": "$99.06",
        "ltc1035Sum": null,
        "paymentSum": "$99.06"
      },
      {
        "productList": [
          {
            "subjectNum": "xxxx7366",
            "totalPremium": "$79.76",
            "loanRepayment": "--",
            "allocatedDiv": "--",
            "productType": "Level Term 20",
            "freqPremium": "$79.76",
            "ltc1035Payment": null,
            "payment": "$79.76",
            "productDetailUrl": null,
            "isOwnerAndRestricted": false,
            "isOwnerAndNotRestricted": true,
            "isNotOwner": false,
            "annuityCurrentValue": null,
            "valueAsOfDate": null,
            "isAnnuityTaxQualified": false
          }
        ],
        "baseLegalEntityID": 14150603,
        "name": "Terri L Fry",
        "loanRepaymentSum": "$0.00",
        "allocatedDivSum": null,
        "totalPremiumSum": "$79.76",
        "ltc1035Sum": null,
        "paymentSum": "$79.76"
      }
    ],
    "annuityCurrentValue": null,
    "isAnnuityTaxQualified": false,
    "valueAsOfDate": null,
    "pendingPayment": {
      "paymentDate": null,
      "paymentAmount": null,
      "confirmationNumber": null,
      "nmcPendingPayment": false,
      "maskedBankAccountNumber": null,
      "bankAccountType": null,
      "bankName": null
    },
    "isRecurringISA": true,
    "paymentStatus": 1,
    "isLoanOnly": false,
    "loanPayOffAmount": "0.00",
    "totalLoan": 0.0,
    "totalLtc1035": 0.0,
    "totalDiv": 0.0,
    "totalPremium": 178.82,
    "shortageAmountDue": 0.00,
    "calculatedPremium": "$0.00",
    "isaUrl": "/billing?isa=xxx3254",
    "showMonthlyPastDue": false,
    "isPendingPayment": false,
    "isPendingSetupEft": false,
    "isPendingFrequencyChange": false,
    "isPendingRecurringToDirect": false,
    "isPendingChangeBank": false,
    "pendingFrequencyModel": null,
    "onlinePaymentIneligible": false,
    "isHoCaseLock": false
  }
]
