[
  {
    "cardType": "ScheduledPayment",
    "frequency": "monthly",
    "isaNumber": "xxx8141",
    "dueDate": "07/01/2016",
    "dueDateAsDate": "2016-07-01T00:00:00",
    "isAnnuity": false,
    "amountDue": "$400.43",
    "serviceCharge": "$1.00",
    "additionalPayment": "$0.00",
    "insuredList": [
      {
        "productList": [
          {
            "subjectNum": "xxxx3426",
            "totalPremium": "$154.44",
            "loanRepayment": "$399.43",
            "allocatedDiv": "$154.44",
            "productType": "Whole Life",
            "freqPremium": "$154.44",
            "ltc1035Payment": "N/A",
            "payment": "$399.43",
            "productDetailUrl": "/InsuranceDetail?subjectNum=xxxx3426",
            "isOwnerAndRestricted": false,
            "isOwnerAndNotRestricted": true,
            "isNotOwner": false,
            "annuityCurrentValue": null,
            "valueAsOfDate": "09/30/2015",
            "isAnnuityTaxQualified": false
          }
        ],
        "baseLegalEntityID": 14590413,
        "name": "Brian L Chalk",
        "loanRepaymentSum": "$399.43",
        "allocatedDivSum": "$154.44",
        "totalPremiumSum": "$154.44",
        "ltc1035Sum": "$0.00",
        "paymentSum": "$399.43"
      }
    ],
    "annuityCurrentValue": null,
    "isAnnuityTaxQualified": false,
    "valueAsOfDate": null,
    "pendingPayment": {
      "paymentDate": "06/28/2016",
      "paymentAmount": "$400.43",
      "confirmationNumber": "C2D0F67AAFC4714F36",
      "nmcPendingPayment": true,
      "maskedBankAccountNumber": "******5391",
      "bankAccountType": "Checking"
    },
    "isRecurringISA": false,
    "paymentStatus": 5,
    "isLoanOnly": false,
    "totalLoan": 399.43,
    "shortageAmountDue": 0.00,
    "calculatedPremium": "$400.43",
    "nextBillAmount": "$400.43",
    "totalLtc1035": 0.0,
    "totalDiv": 154.44,
    "totalPremium": 154.44,
    "isaUrl": "/billing/xxx8141"
  }
]
